Workbook

Sheet Diretoria
A1: GP2T · GESTÃO DE FROTA
A2: Relatório da Diretoria — os números vêm do aplicativo, sem digitação.
A3: ⚠️ Este arquivo está com DADOS DE EXEMPLO (linhas com _id começando em EX-). Apague-as quando os dados reais entrarem.
A4: Período de: | B4: 46235 | C4: até: | D4: 46295 | E4: Meta L/h: | F4: 20 | G4: Meta km/L: | H4: 1
A5: As células amarelas são as únicas que você edita nesta aba.
A6: RESULTADO DO PERÍODO | D6: A FROTA
A7: Consumo total | B7: =SUMIFS('Resumo por Dia'!$D$4:$D$3000,'Resumo por Dia'!$A$4:$A$3000,">="&Diretoria!$B$4,'Resumo por Dia'!$A$4:$A$3000,"<="&Diretoria!$D$4) | D7: Equipamentos que operaram | E7: =COUNTIF('Por Equipamento'!$D$4:$D$33,">0")
A8: Horas trabalhadas | B8: =SUMIFS('Resumo por Dia'!$E$4:$E$3000,'Resumo por Dia'!$A$4:$A$3000,">="&Diretoria!$B$4,'Resumo por Dia'!$A$4:$A$3000,"<="&Diretoria!$D$4) | D8: Operadores em atividade | E8: =COUNTIF('Por Operador'!$C$4:$C$33,">0")
A9: Produção movida | B9: =SUMIFS('Resumo por Dia'!$G$4:$G$3000,'Resumo por Dia'!$A$4:$A$3000,">="&Diretoria!$B$4,'Resumo por Dia'!$A$4:$A$3000,"<="&Diretoria!$D$4) | D9: Equipamentos cadastrados | E9: =COUNTA(Equipamentos!$A$4:$A$200)
A10: Viagens realizadas | B10: =SUMIFS('Resumo por Dia'!$N$4:$N$3000,'Resumo por Dia'!$A$4:$A$3000,">="&Diretoria!$B$4,'Resumo por Dia'!$A$4:$A$3000,"<="&Diretoria!$D$4) | D10: Disponibilidade da frota | E10: =IFERROR(COUNTIF(Equipamentos!$D$4:$D$200,"Operando")/COUNTA(Equipamentos!$A$4:$A$200),"—")
A11: Consumo por hora | B11: =IFERROR(B7/B8,"—") | D11: Manutenções no período | E11: =SUMIFS('Resumo por Dia'!$O$4:$O$3000,'Resumo por Dia'!$A$4:$A$3000,">="&Diretoria!$B$4,'Resumo por Dia'!$A$4:$A$3000,"<="&Diretoria!$D$4)
A12: Consumo por tonelada | B12: =IFERROR(B7/B9,"—") | D12: Acima da meta de L/h | E12: =COUNTIF('Por Equipamento'!$F$4:$F$33,">"&$F$4)
A13: Média da frota | B13: =IFERROR(SUMIFS('Resumo por Dia'!$L$4:$L$3000,'Resumo por Dia'!$A$4:$A$3000,">="&Diretoria!$B$4,'Resumo por Dia'!$A$4:$A$3000,"<="&Diretoria!$D$4)/B7,"—")
A14: Dias com operação | B14: =COUNTIFS('Resumo por Dia'!$A$4:$A$3000,">="&Diretoria!$B$4,'Resumo por Dia'!$A$4:$A$3000,"<="&Diretoria!$D$4)
A16: DESTAQUES
A17: Menor consumo por tonelada | B17: =IFERROR(INDEX('Por Equipamento'!$A$4:$A$33,MATCH(MIN('Por Equipamento'!$H$4:$H$33),'Por Equipamento'!$H$4:$H$33,0)),"—") | C17: =IFERROR(MIN('Por Equipamento'!$H$4:$H$33),"—")
A18: Maior consumo por tonelada | B18: =IFERROR(INDEX('Por Equipamento'!$A$4:$A$33,MATCH(MAX('Por Equipamento'!$H$4:$H$33),'Por Equipamento'!$H$4:$H$33,0)),"—") | C18: =IFERROR(MAX('Por Equipamento'!$H$4:$H$33),"—")
A19: Operador com mais produção | B19: =IFERROR(INDEX('Por Operador'!$A$4:$A$33,MATCH(MAX('Por Operador'!$F$4:$F$33),'Por Operador'!$F$4:$F$33,0)),"—") | C19: =IFERROR(MAX('Por Operador'!$F$4:$F$33),"—")
A20: Equipamento que mais consumiu | B20: =IFERROR(INDEX('Por Equipamento'!$A$4:$A$33,MATCH(MAX('Por Equipamento'!$D$4:$D$33),'Por Equipamento'!$D$4:$D$33,0)),"—") | C20: =IFERROR(MAX('Por Equipamento'!$D$4:$D$33),"—")
A23: COMO ESTA PLANILHA SE MANTÉM ATUALIZADA
A24: 1. Suba este arquivo no Google Drive e abra como Planilhas Google (o app não escreve em .xlsx).
A25: 2. No Apps Script do app, coloque o link desta planilha em PLANILHA_URL e faça Implantar → Nova versão.
A26: 3. No aplicativo: ⚙️ Configurações → 🔄 Sincronizar tudo.
A27: 4. Apague as linhas de exemplo (coluna _id começando com EX-) nas abas de dados.
A29: As abas cinzas (Resumo por Dia, Abastecimentos, Viagens…) são preenchidas pelo aplicativo a cada lançamento.
A30: As abas azuis são só apresentação: leem as abas cinzas e não recalculam nada por conta própria —
A31: por isso os números aqui são sempre iguais aos que aparecem no celular.

Sheet Por Equipamento
A1: DESEMPENHO POR EQUIPAMENTO
A2: Período definido na aba Diretoria. Fonte: aba Resumo por Equipamento (preenchida pelo app).
A3: Equipamento | B3: Tipo | C3: Dias operados | D3: Consumo (L) | E3: Horas | F3: L/h | G3: Produção (t) | H3: L/Ton | I3: KM rodado | J3: Média km/L | K3: Viagens
A4: =IF(Equipamentos!$A4="","",Equipamentos!$A4) | B4: =IF(Equipamentos!$A4="","",Equipamentos!$B4) | C4: =IF(Equipamentos!$A4="","",COUNTIFS('Resumo por Equipamento'!$B$4:$B$3000,$A4,'Resumo por Equipamento'!$A$4:$A$3000,">="&Diretoria!$B$4,'Resumo por Equipamento'!$A$4:$A$3000,"<="&Diretoria!$D$4,'Resumo por Equipamento'!$C$4:$C$3000,">0")) | D4: =IF(Equipamentos!$A4="","",SUMIFS('Resumo por Equipamento'!$C$4:$C$3000,'Resumo por Equipamento'!$B$4:$B$3000,$A4,'Resumo por Equipamento'!$A$4:$A$3000,">="&Diretoria!$B$4,'Resumo por Equipamento'!$A$4:$A$3000,"<="&Diretoria!$D$4)) | E4: =IF(Equipamentos!$A4="","",SUMIFS('Resumo por Equipamento'!$D$4:$D$3000,'Resumo por Equipamento'!$B$4:$B$3000,$A4,'Resumo por Equipamento'!$A$4:$A$3000,">="&Diretoria!$B$4,'Resumo por Equipamento'!$A$4:$A$3000,"<="&Diretoria!$D$4)) | F4: =IF(Equipamentos!$A4="","",IFERROR(IF(E4=0,"—",D4/E4),"—")) | G4: =IF(Equipamentos!$A4="","",SUMIFS('Resumo por Equipamento'!$F$4:$F$3000,'Resumo por Equipamento'!$B$4:$B$3000,$A4,'Resumo por Equipamento'!$A$4:$A$3000,">="&Diretoria!$B$4,'Resumo por Equipamento'!$A$4:$A$3000,"<="&Diretoria!$D$4)) | H4: =IF(Equipamentos!$A4="","",IFERROR(IF(G4=0,"—",D4/G4),"—")) | I4: =IF(Equipamentos!$A4="","",SUMIFS('Resumo por Equipamento'!$H$4:$H$3000,'Resumo por Equipamento'!$B$4:$B$3000,$A4,'Resumo por Equipamento'!$A$4:$A$3000,">="&Diretoria!$B$4,'Resumo por Equipamento'!$A$4:$A$3000,"<="&Diretoria!$D$4)) | J4: =IF(Equipamentos!$A4="","",IFERROR(IF(OR(D4=0,I4=0),"—",I4/D4),"—")) | K4: =IF(Equipamentos!$A4="","",SUMIFS('Resumo por Equipamento'!$J$4:$J$3000,'Resumo por Equipamento'!$B$4:$B$3000,$A4,'Resumo por Equipamento'!$A$4:$A$3000,">="&Diretoria!$B$4,'Resumo por Equipamento'!$A$4:$A$3000,"<="&Diretoria!$D$4))
A5: =IF(Equipamentos!$A5="","",Equipamentos!$A5) | B5: =IF(Equipamentos!$A5="","",Equipamentos!$B5) | C5: =IF(Equipamentos!$A5="","",COUNTIFS('Resumo por Equipamento'!$B$4:$B$3000,$A5,'Resumo por Equipamento'!$A$4:$A$3000,">="&Diretoria!$B$4,'Resumo por Equipamento'!$A$4:$A$3000,"<="&Diretoria!$D$4,'Resumo por Equipamento'!$C$4:$C$3000,">0")) | D5: =IF(Equipamentos!$A5="","",SUMIFS('Resumo por Equipamento'!$C$4:$C$3000,'Resumo por Equipamento'!$B$4:$B$3000,$A5,'Resumo por Equipamento'!$A$4:$A$3000,">="&Diretoria!$B$4,'Resumo por Equipamento'!$A$4:$A$3000,"<="&Diretoria!$D$4)) | E5: =IF(Equipamentos!$A5="","",SUMIFS('Resumo por Equipamento'!$D$4:$D$3000,'Resumo por Equipamento'!$B$4:$B$3000,$A5,'Resumo por Equipamento'!$A$4:$A$3000,">="&Diretoria!$B$4,'Resumo por Equipamento'!$A$4:$A$3000,"<="&Diretoria!$D$4)) | F5: =IF(Equipamentos!$A5="","",IFERROR(IF(E5=0,"—",D5/E5),"—")) | G5: =IF(Equipamentos!$A5="","",SUMIFS('Resumo por Equipamento'!$F$4:$F$3000,'Resumo por Equipamento'!$B$4:$B$3000,$A5,'Resumo por Equipamento'!$A$4:$A$3000,">="&Diretoria!$B$4,'Resumo por Equipamento'!$A$4:$A$3000,"<="&Diretoria!$D$4)) | H5: =IF(Equipamentos!$A5="","",IFERROR(IF(G5=0,"—",D5/G5),"—")) | I5: =IF(Equipamentos!$A5="","",SUMIFS('Resumo por Equipamento'!$H$4:$H$3000,'Resumo por Equipamento'!$B$4:$B$3000,$A5,'Resumo por Equipamento'!$A$4:$A$3000,">="&Diretoria!$B$4,'Resumo por Equipamento'!$A$4:$A$3000,"<="&Diretoria!$D$4)) | J5: =IF(Equipamentos!$A5="","",IFERROR(IF(OR(D5=0,I5=0),"—",I5/D5),"—")) | K5: =IF(Equipamentos!$A5="","",SUMIFS('Resumo por Equipamento'!$J$4:$J$3000,'Resumo por Equipamento'!$B$4:$B$3000,$A5,'Resumo por Equipamento'!$A$4:$A$3000,">="&Diretoria!$B$4,'Resumo por Equipamento'!$A$4:$A$3000,"<="&Diretoria!$D$4))
A6: =IF(Equipamentos!$A6="","",Equipamentos!$A6) | B6: =IF(Equipamentos!$A6="","",Equipamentos!$B6) | C6: =IF(Equipamentos!$A6="","",COUNTIFS('Resumo por Equipamento'!$B$4:$B$3000,$A6,'Resumo por Equipamento'!$A$4:$A$3000,">="&Diretoria!$B$4,'Resumo por Equipamento'!$A$4:$A$3000,"<="&Diretoria!$D$4,'Resumo por Equipamento'!$C$4:$C$3000,">0")) | D6: =IF(Equipamentos!$A6="","",SUMIFS('Resumo por Equipamento'!$C$4:$C$3000,'Resumo por Equipamento'!$B$4:$B$3000,$A6,'Resumo por Equipamento'!$A$4:$A$3000,">="&Diretoria!$B$4,'Resumo por Equipamento'!$A$4:$A$3000,"<="&Diretoria!$D$4)) | E6: =IF(Equipamentos!$A6="","",SUMIFS('Resumo por Equipamento'!$D$4:$D$3000,'Resumo por Equipamento'!$B$4:$B$3000,$A6,'Resumo por Equipamento'!$A$4:$A$3000,">="&Diretoria!$B$4,'Resumo por Equipamento'!$A$4:$A$3000,"<="&Diretoria!$D$4)) | F6: =IF(Equipamentos!$A6="","",IFERROR(IF(E6=0,"—",D6/E6),"—")) | G6: =IF(Equipamentos!$A6="","",SUMIFS('Resumo por Equipamento'!$F$4:$F$3000,'Resumo por Equipamento'!$B$4:$B$3000,$A6,'Resumo por Equipamento'!$A$4:$A$3000,">="&Diretoria!$B$4,'Resumo por Equipamento'!$A$4:$A$3000,"<="&Diretoria!$D$4)) | H6: =IF(Equipamentos!$A6="","",IFERROR(IF(G6=0,"—",D6/G6),"—")) | I6: =IF(Equipamentos!$A6="","",SUMIFS('Resumo por Equipamento'!$H$4:$H$3000,'Resumo por Equipamento'!$B$4:$B$3000,$A6,'Resumo por Equipamento'!$A$4:$A$3000,">="&Diretoria!$B$4,'Resumo por Equipamento'!$A$4:$A$3000,"<="&Diretoria!$D$4)) | J6: =IF(Equipamentos!$A6="","",IFERROR(IF(OR(D6=0,I6=0),"—",I6/D6),"—")) | K6: =IF(Equipamentos!$A6="","",SUMIFS('Resumo por Equipamento'!$J$4:$J$3000,'Resumo por Equipamento'!$B$4:$B$3000,$A6,'Resumo por Equipamento'!$A$4:$A$3000,">="&Diretoria!$B$4,'Resumo por Equipamento'!$A$4:$A$3000,"<="&Diretoria!$D$4))
A7: =IF(Equipamentos!$A7="","",Equipamentos!$A7) | B7: =IF(Equipamentos!$A7="","",Equipamentos!$B7) | C7: =IF(Equipamentos!$A7="","",COUNTIFS('Resumo por Equipamento'!$B$4:$B$3000,$A7,'Resumo por Equipamento'!$A$4:$A$3000,">="&Diretoria!$B$4,'Resumo por Equipamento'!$A$4:$A$3000,"<="&Diretoria!$D$4,'Resumo por Equipamento'!$C$4:$C$3000,">0")) | D7: =IF(Equipamentos!$A7="","",SUMIFS('Resumo por Equipamento'!$C$4:$C$3000,'Resumo por Equipamento'!$B$4:$B$3000,$A7,'Resumo por Equipamento'!$A$4:$A$3000,">="&Diretoria!$B$4,'Resumo por Equipamento'!$A$4:$A$3000,"<="&Diretoria!$D$4)) | E7: =IF(Equipamentos!$A7="","",SUMIFS('Resumo por Equipamento'!$D$4:$D$3000,'Resumo por Equipamento'!$B$4:$B$3000,$A7,'Resumo por Equipamento'!$A$4:$A$3000,">="&Diretoria!$B$4,'Resumo por Equipamento'!$A$4:$A$3000,"<="&Diretoria!$D$4)) | F7: =IF(Equipamentos!$A7="","",IFERROR(IF(E7=0,"—",D7/E7),"—")) | G7: =IF(Equipamentos!$A7="","",SUMIFS('Resumo por Equipamento'!$F$4:$F$3000,'Resumo por Equipamento'!$B$4:$B$3000,$A7,'Resumo por Equipamento'!$A$4:$A$3000,">="&Diretoria!$B$4,'Resumo por Equipamento'!$A$4:$A$3000,"<="&Diretoria!$D$4)) | H7: =IF(Equipamentos!$A7="","",IFERROR(IF(G7=0,"—",D7/G7),"—")) | I7: =IF(Equipamentos!$A7="","",SUMIFS('Resumo por Equipamento'!$H$4:$H$3000,'Resumo por Equipamento'!$B$4:$B$3000,$A7,'Resumo por Equipamento'!$A$4:$A$3000,">="&Diretoria!$B$4,'Resumo por Equipamento'!$A$4:$A$3000,"<="&Diretoria!$D$4)) | J7: =IF(Equipamentos!$A7="","",IFERROR(IF(OR(D7=0,I7=0),"—",I7/D7),"—")) | K7: =IF(Equipamentos!$A7="","",SUMIFS('Resumo por Equipamento'!$J$4:$J$3000,'Resumo por Equipamento'!$B$4:$B$3000,$A7,'Resumo por Equipamento'!$A$4:$A$3000,">="&Diretoria!$B$4,'Resumo por Equipamento'!$A$4:$A$3000,"<="&Diretoria!$D$4))
A8: =IF(Equipamentos!$A8="","",Equipamentos!$A8) | B8: =IF(Equipamentos!$A8="","",Equipamentos!$B8) | C8: =IF(Equipamentos!$A8="","",COUNTIFS('Resumo por Equipamento'!$B$4:$B$3000,$A8,'Resumo por Equipamento'!$A$4:$A$3000,">="&Diretoria!$B$4,'Resumo por Equipamento'!$A$4:$A$3000,"<="&Diretoria!$D$4,'Resumo por Equipamento'!$C$4:$C$3000,">0")) | D8: =IF(Equipamentos!$A8="","",SUMIFS('Resumo por Equipamento'!$C$4:$C$3000,'Resumo por Equipamento'!$B$4:$B$3000,$A8,'Resumo por Equipamento'!$A$4:$A$3000,">="&Diretoria!$B$4,'Resumo por Equipamento'!$A$4:$A$3000,"<="&Diretoria!$D$4)) | E8: =IF(Equipamentos!$A8="","",SUMIFS('Resumo por Equipamento'!$D$4:$D$3000,'Resumo por Equipamento'!$B$4:$B$3000,$A8,'Resumo por Equipamento'!$A$4:$A$3000,">="&Diretoria!$B$4,'Resumo por Equipamento'!$A$4:$A$3000,"<="&Diretoria!$D$4)) | F8: =IF(Equipamentos!$A8="","",IFERROR(IF(E8=0,"—",D8/E8),"—")) | G8: =IF(Equipamentos!$A8="","",SUMIFS('Resumo por Equipamento'!$F$4:$F$3000,'Resumo por Equipamento'!$B$4:$B$3000,$A8,'Resumo por Equipamento'!$A$4:$A$3000,">="&Diretoria!$B$4,'Resumo por Equipamento'!$A$4:$A$3000,"<="&Diretoria!$D$4)) | H8: =IF(Equipamentos!$A8="","",IFERROR(IF(G8=0,"—",D8/G8),"—")) | I8: =IF(Equipamentos!$A8="","",SUMIFS('Resumo por Equipamento'!$H$4:$H$3000,'Resumo por Equipamento'!$B$4:$B$3000,$A8,'Resumo por Equipamento'!$A$4:$A$3000,">="&Diretoria!$B$4,'Resumo por Equipamento'!$A$4:$A$3000,"<="&Diretoria!$D$4)) | J8: =IF(Equipamentos!$A8="","",IFERROR(IF(OR(D8=0,I8=0),"—",I8/D8),"—")) | K8: =IF(Equipamentos!$A8="","",SUMIFS('Resumo por Equipamento'!$J$4:$J$3000,'Resumo por Equipamento'!$B$4:$B$3000,$A8,'Resumo por Equipamento'!$A$4:$A$3000,">="&Diretoria!$B$4,'Resumo por Equipamento'!$A$4:$A$3000,"<="&Diretoria!$D$4))
A9: =IF(Equipamentos!$A9="","",Equipamentos!$A9) | B9: =IF(Equipamentos!$A9="","",Equipamentos!$B9) | C9: =IF(Equipamentos!$A9="","",COUNTIFS('Resumo por Equipamento'!$B$4:$B$3000,$A9,'Resumo por Equipamento'!$A$4:$A$3000,">="&Diretoria!$B$4,'Resumo por Equipamento'!$A$4:$A$3000,"<="&Diretoria!$D$4,'Resumo por Equipamento'!$C$4:$C$3000,">0")) | D9: =IF(Equipamentos!$A9="","",SUMIFS('Resumo por Equipamento'!$C$4:$C$3000,'Resumo por Equipamento'!$B$4:$B$3000,$A9,'Resumo por Equipamento'!$A$4:$A$3000,">="&Diretoria!$B$4,'Resumo por Equipamento'!$A$4:$A$3000,"<="&Diretoria!$D$4)) | E9: =IF(Equipamentos!$A9="","",SUMIFS('Resumo por Equipamento'!$D$4:$D$3000,'Resumo por Equipamento'!$B$4:$B$3000,$A9,'Resumo por Equipamento'!$A$4:$A$3000,">="&Diretoria!$B$4,'Resumo por Equipamento'!$A$4:$A$3000,"<="&Diretoria!$D$4)) | F9: =IF(Equipamentos!$A9="","",IFERROR(IF(E9=0,"—",D9/E9),"—")) | G9: =IF(Equipamentos!$A9="","",SUMIFS('Resumo por Equipamento'!$F$4:$F$3000,'Resumo por Equipamento'!$B$4:$B$3000,$A9,'Resumo por Equipamento'!$A$4:$A$3000,">="&Diretoria!$B$4,'Resumo por Equipamento'!$A$4:$A$3000,"<="&Diretoria!$D$4)) | H9: =IF(Equipamentos!$A9="","",IFERROR(IF(G9=0,"—",D9/G9),"—")) | I9: =IF(Equipamentos!$A9="","",SUMIFS('Resumo por Equipamento'!$H$4:$H$3000,'Resumo por Equipamento'!$B$4:$B$3000,$A9,'Resumo por Equipamento'!$A$4:$A$3000,">="&Diretoria!$B$4,'Resumo por Equipamento'!$A$4:$A$3000,"<="&Diretoria!$D$4)) | J9: =IF(Equipamentos!$A9="","",IFERROR(IF(OR(D9=0,I9=0),"—",I9/D9),"—")) | K9: =IF(Equipamentos!$A9="","",SUMIFS('Resumo por Equipamento'!$J$4:$J$3000,'Resumo por Equipamento'!$B$4:$B$3000,$A9,'Resumo por Equipamento'!$A$4:$A$3000,">="&Diretoria!$B$4,'Resumo por Equipamento'!$A$4:$A$3000,"<="&Diretoria!$D$4))
A10: =IF(Equipamentos!$A10="","",Equipamentos!$A10) | B10: =IF(Equipamentos!$A10="","",Equipamentos!$B10) | C10: =IF(Equipamentos!$A10="","",COUNTIFS('Resumo por Equipamento'!$B$4:$B$3000,$A10,'Resumo por Equipamento'!$A$4:$A$3000,">="&Diretoria!$B$4,'Resumo por Equipamento'!$A$4:$A$3000,"<="&Diretoria!$D$4,'Resumo por Equipamento'!$C$4:$C$3000,">0")) | D10: =IF(Equipamentos!$A10="","",SUMIFS('Resumo por Equipamento'!$C$4:$C$3000,'Resumo por Equipamento'!$B$4:$B$3000,$A10,'Resumo por Equipamento'!$A$4:$A$3000,">="&Diretoria!$B$4,'Resumo por Equipamento'!$A$4:$A$3000,"<="&Diretoria!$D$4)) | E10: =IF(Equipamentos!$A10="","",SUMIFS('Resumo por Equipamento'!$D$4:$D$3000,'Resumo por Equipamento'!$B$4:$B$3000,$A10,'Resumo por Equipamento'!$A$4:$A$3000,">="&Diretoria!$B$4,'Resumo por Equipamento'!$A$4:$A$3000,"<="&Diretoria!$D$4)) | F10: =IF(Equipamentos!$A10="","",IFERROR(IF(E10=0,"—",D10/E10),"—")) | G10: =IF(Equipamentos!$A10="","",SUMIFS('Resumo por Equipamento'!$F$4:$F$3000,'Resumo por Equipamento'!$B$4:$B$3000,$A10,'Resumo por Equipamento'!$A$4:$A$3000,">="&Diretoria!$B$4,'Resumo por Equipamento'!$A$4:$A$3000,"<="&Diretoria!$D$4)) | H10: =IF(Equipamentos!$A10="","",IFERROR(IF(G10=0,"—",D10/G10),"—")) | I10: =IF(Equipamentos!$A10="","",SUMIFS('Resumo por Equipamento'!$H$4:$H$3000,'Resumo por Equipamento'!$B$4:$B$3000,$A10,'Resumo por Equipamento'!$A$4:$A$3000,">="&Diretoria!$B$4,'Resumo por Equipamento'!$A$4:$A$3000,"<="&Diretoria!$D$4)) | J10: =IF(Equipamentos!$A10="","",IFERROR(IF(OR(D10=0,I10=0),"—",I10/D10),"—")) | K10: =IF(Equipamentos!$A10="","",SUMIFS('Resumo por Equipamento'!$J$4:$J$3000,'Resumo por Equipamento'!$B$4:$B$3000,$A10,'Resumo por Equipamento'!$A$4:$A$3000,">="&Diretoria!$B$4,'Resumo por Equipamento'!$A$4:$A$3000,"<="&Diretoria!$D$4))
A11: =IF(Equipamentos!$A11="","",Equipamentos!$A11) | B11: =IF(Equipamentos!$A11="","",Equipamentos!$B11) | C11: =IF(Equipamentos!$A11="","",COUNTIFS('Resumo por Equipamento'!$B$4:$B$3000,$A11,'Resumo por Equipamento'!$A$4:$A$3000,">="&Diretoria!$B$4,'Resumo por Equipamento'!$A$4:$A$3000,"<="&Diretoria!$D$4,'Resumo por Equipamento'!$C$4:$C$3000,">0")) | D11: =IF(Equipamentos!$A11="","",SUMIFS('Resumo por Equipamento'!$C$4:$C$3000,'Resumo por Equipamento'!$B$4:$B$3000,$A11,'Resumo por Equipamento'!$A$4:$A$3000,">="&Diretoria!$B$4,'Resumo por Equipamento'!$A$4:$A$3000,"<="&Diretoria!$D$4)) | E11: =IF(Equipamentos!$A11="","",SUMIFS('Resumo por Equipamento'!$D$4:$D$3000,'Resumo por Equipamento'!$B$4:$B$3000,$A11,'Resumo por Equipamento'!$A$4:$A$3000,">="&Diretoria!$B$4,'Resumo por Equipamento'!$A$4:$A$3000,"<="&Diretoria!$D$4)) | F11: =IF(Equipamentos!$A11="","",IFERROR(IF(E11=0,"—",D11/E11),"—")) | G11: =IF(Equipamentos!$A11="","",SUMIFS('Resumo por Equipamento'!$F$4:$F$3000,'Resumo por Equipamento'!$B$4:$B$3000,$A11,'Resumo por Equipamento'!$A$4:$A$3000,">="&Diretoria!$B$4,'Resumo por Equipamento'!$A$4:$A$3000,"<="&Diretoria!$D$4)) | H11: =IF(Equipamentos!$A11="","",IFERROR(IF(G11=0,"—",D11/G11),"—")) | I11: =IF(Equipamentos!$A11="","",SUMIFS('Resumo por Equipamento'!$H$4:$H$3000,'Resumo por Equipamento'!$B$4:$B$3000,$A11,'Resumo por Equipamento'!$A$4:$A$3000,">="&Diretoria!$B$4,'Resumo por Equipamento'!$A$4:$A$3000,"<="&Diretoria!$D$4)) | J11: =IF(Equipamentos!$A11="","",IFERROR(IF(OR(D11=0,I11=0),"—",I11/D11),"—")) | K11: =IF(Equipamentos!$A11="","",SUMIFS('Resumo por Equipamento'!$J$4:$J$3000,'Resumo por Equipamento'!$B$4:$B$3000,$A11,'Resumo por Equipamento'!$A$4:$A$3000,">="&Diretoria!$B$4,'Resumo por Equipamento'!$A$4:$A$3000,"<="&Diretoria!$D$4))
A12: =IF(Equipamentos!$A12="","",Equipamentos!$A12) | B12: =IF(Equipamentos!$A12="","",Equipamentos!$B12) | C12: =IF(Equipamentos!$A12="","",COUNTIFS('Resumo por Equipamento'!$B$4:$B$3000,$A12,'Resumo por Equipamento'!$A$4:$A$3000,">="&Diretoria!$B$4,'Resumo por Equipamento'!$A$4:$A$3000,"<="&Diretoria!$D$4,'Resumo por Equipamento'!$C$4:$C$3000,">0")) | D12: =IF(Equipamentos!$A12="","",SUMIFS('Resumo por Equipamento'!$C$4:$C$3000,'Resumo por Equipamento'!$B$4:$B$3000,$A12,'Resumo por Equipamento'!$A$4:$A$3000,">="&Diretoria!$B$4,'Resumo por Equipamento'!$A$4:$A$3000,"<="&Diretoria!$D$4)) | E12: =IF(Equipamentos!$A12="","",SUMIFS('Resumo por Equipamento'!$D$4:$D$3000,'Resumo por Equipamento'!$B$4:$B$3000,$A12,'Resumo por Equipamento'!$A$4:$A$3000,">="&Diretoria!$B$4,'Resumo por Equipamento'!$A$4:$A$3000,"<="&Diretoria!$D$4)) | F12: =IF(Equipamentos!$A12="","",IFERROR(IF(E12=0,"—",D12/E12),"—")) | G12: =IF(Equipamentos!$A12="","",SUMIFS('Resumo por Equipamento'!$F$4:$F$3000,'Resumo por Equipamento'!$B$4:$B$3000,$A12,'Resumo por Equipamento'!$A$4:$A$3000,">="&Diretoria!$B$4,'Resumo por Equipamento'!$A$4:$A$3000,"<="&Diretoria!$D$4)) | H12: =IF(Equipamentos!$A12="","",IFERROR(IF(G12=0,"—",D12/G12),"—")) | I12: =IF(Equipamentos!$A12="","",SUMIFS('Resumo por Equipamento'!$H$4:$H$3000,'Resumo por Equipamento'!$B$4:$B$3000,$A12,'Resumo por Equipamento'!$A$4:$A$3000,">="&Diretoria!$B$4,'Resumo por Equipamento'!$A$4:$A$3000,"<="&Diretoria!$D$4)) | J12: =IF(Equipamentos!$A12="","",IFERROR(IF(OR(D12=0,I12=0),"—",I12/D12),"—")) | K12: =IF(Equipamentos!$A12="","",SUMIFS('Resumo por Equipamento'!$J$4:$J$3000,'Resumo por Equipamento'!$B$4:$B$3000,$A12,'Resumo por Equipamento'!$A$4:$A$3000,">="&Diretoria!$B$4,'Resumo por Equipamento'!$A$4:$A$3000,"<="&Diretoria!$D$4))
A13: =IF(Equipamentos!$A13="","",Equipamentos!$A13) | B13: =IF(Equipamentos!$A13="","",Equipamentos!$B13) | C13: =IF(Equipamentos!$A13="","",COUNTIFS('Resumo por Equipamento'!$B$4:$B$3000,$A13,'Resumo por Equipamento'!$A$4:$A$3000,">="&Diretoria!$B$4,'Resumo por Equipamento'!$A$4:$A$3000,"<="&Diretoria!$D$4,'Resumo por Equipamento'!$C$4:$C$3000,">0")) | D13: =IF(Equipamentos!$A13="","",SUMIFS('Resumo por Equipamento'!$C$4:$C$3000,'Resumo por Equipamento'!$B$4:$B$3000,$A13,'Resumo por Equipamento'!$A$4:$A$3000,">="&Diretoria!$B$4,'Resumo por Equipamento'!$A$4:$A$3000,"<="&Diretoria!$D$4)) | E13: =IF(Equipamentos!$A13="","",SUMIFS('Resumo por Equipamento'!$D$4:$D$3000,'Resumo por Equipamento'!$B$4:$B$3000,$A13,'Resumo por Equipamento'!$A$4:$A$3000,">="&Diretoria!$B$4,'Resumo por Equipamento'!$A$4:$A$3000,"<="&Diretoria!$D$4)) | F13: =IF(Equipamentos!$A13="","",IFERROR(IF(E13=0,"—",D13/E13),"—")) | G13: =IF(Equipamentos!$A13="","",SUMIFS('Resumo por Equipamento'!$F$4:$F$3000,'Resumo por Equipamento'!$B$4:$B$3000,$A13,'Resumo por Equipamento'!$A$4:$A$3000,">="&Diretoria!$B$4,'Resumo por Equipamento'!$A$4:$A$3000,"<="&Diretoria!$D$4)) | H13: =IF(Equipamentos!$A13="","",IFERROR(IF(G13=0,"—",D13/G13),"—")) | I13: =IF(Equipamentos!$A13="","",SUMIFS('Resumo por Equipamento'!$H$4:$H$3000,'Resumo por Equipamento'!$B$4:$B$3000,$A13,'Resumo por Equipamento'!$A$4:$A$3000,">="&Diretoria!$B$4,'Resumo por Equipamento'!$A$4:$A$3000,"<="&Diretoria!$D$4)) | J13: =IF(Equipamentos!$A13="","",IFERROR(IF(OR(D13=0,I13=0),"—",I13/D13),"—")) | K13: =IF(Equipamentos!$A13="","",SUMIFS('Resumo por Equipamento'!$J$4:$J$3000,'Resumo por Equipamento'!$B$4:$B$3000,$A13,'Resumo por Equipamento'!$A$4:$A$3000,">="&Diretoria!$B$4,'Resumo por Equipamento'!$A$4:$A$3000,"<="&Diretoria!$D$4))
A14: =IF(Equipamentos!$A14="","",Equipamentos!$A14) | B14: =IF(Equipamentos!$A14="","",Equipamentos!$B14) | C14: =IF(Equipamentos!$A14="","",COUNTIFS('Resumo por Equipamento'!$B$4:$B$3000,$A14,'Resumo por Equipamento'!$A$4:$A$3000,">="&Diretoria!$B$4,'Resumo por Equipamento'!$A$4:$A$3000,"<="&Diretoria!$D$4,'Resumo por Equipamento'!$C$4:$C$3000,">0")) | D14: =IF(Equipamentos!$A14="","",SUMIFS('Resumo por Equipamento'!$C$4:$C$3000,'Resumo por Equipamento'!$B$4:$B$3000,$A14,'Resumo por Equipamento'!$A$4:$A$3000,">="&Diretoria!$B$4,'Resumo por Equipamento'!$A$4:$A$3000,"<="&Diretoria!$D$4)) | E14: =IF(Equipamentos!$A14="","",SUMIFS('Resumo por Equipamento'!$D$4:$D$3000,'Resumo por Equipamento'!$B$4:$B$3000,$A14,'Resumo por Equipamento'!$A$4:$A$3000,">="&Diretoria!$B$4,'Resumo por Equipamento'!$A$4:$A$3000,"<="&Diretoria!$D$4)) | F14: =IF(Equipamentos!$A14="","",IFERROR(IF(E14=0,"—",D14/E14),"—")) | G14: =IF(Equipamentos!$A14="","",SUMIFS('Resumo por Equipamento'!$F$4:$F$3000,'Resumo por Equipamento'!$B$4:$B$3000,$A14,'Resumo por Equipamento'!$A$4:$A$3000,">="&Diretoria!$B$4,'Resumo por Equipamento'!$A$4:$A$3000,"<="&Diretoria!$D$4)) | H14: =IF(Equipamentos!$A14="","",IFERROR(IF(G14=0,"—",D14/G14),"—")) | I14: =IF(Equipamentos!$A14="","",SUMIFS('Resumo por Equipamento'!$H$4:$H$3000,'Resumo por Equipamento'!$B$4:$B$3000,$A14,'Resumo por Equipamento'!$A$4:$A$3000,">="&Diretoria!$B$4,'Resumo por Equipamento'!$A$4:$A$3000,"<="&Diretoria!$D$4)) | J14: =IF(Equipamentos!$A14="","",IFERROR(IF(OR(D14=0,I14=0),"—",I14/D14),"—")) | K14: =IF(Equipamentos!$A14="","",SUMIFS('Resumo por Equipamento'!$J$4:$J$3000,'Resumo por Equipamento'!$B$4:$B$3000,$A14,'Resumo por Equipamento'!$A$4:$A$3000,">="&Diretoria!$B$4,'Resumo por Equipamento'!$A$4:$A$3000,"<="&Diretoria!$D$4))
A15: =IF(Equipamentos!$A15="","",Equipamentos!$A15) | B15: =IF(Equipamentos!$A15="","",Equipamentos!$B15) | C15: =IF(Equipamentos!$A15="","",COUNTIFS('Resumo por Equipamento'!$B$4:$B$3000,$A15,'Resumo por Equipamento'!$A$4:$A$3000,">="&Diretoria!$B$4,'Resumo por Equipamento'!$A$4:$A$3000,"<="&Diretoria!$D$4,'Resumo por Equipamento'!$C$4:$C$3000,">0")) | D15: =IF(Equipamentos!$A15="","",SUMIFS('Resumo por Equipamento'!$C$4:$C$3000,'Resumo por Equipamento'!$B$4:$B$3000,$A15,'Resumo por Equipamento'!$A$4:$A$3000,">="&Diretoria!$B$4,'Resumo por Equipamento'!$A$4:$A$3000,"<="&Diretoria!$D$4)) | E15: =IF(Equipamentos!$A15="","",SUMIFS('Resumo por Equipamento'!$D$4:$D$3000,'Resumo por Equipamento'!$B$4:$B$3000,$A15,'Resumo por Equipamento'!$A$4:$A$3000,">="&Diretoria!$B$4,'Resumo por Equipamento'!$A$4:$A$3000,"<="&Diretoria!$D$4)) | F15: =IF(Equipamentos!$A15="","",IFERROR(IF(E15=0,"—",D15/E15),"—")) | G15: =IF(Equipamentos!$A15="","",SUMIFS('Resumo por Equipamento'!$F$4:$F$3000,'Resumo por Equipamento'!$B$4:$B$3000,$A15,'Resumo por Equipamento'!$A$4:$A$3000,">="&Diretoria!$B$4,'Resumo por Equipamento'!$A$4:$A$3000,"<="&Diretoria!$D$4)) | H15: =IF(Equipamentos!$A15="","",IFERROR(IF(G15=0,"—",D15/G15),"—")) | I15: =IF(Equipamentos!$A15="","",SUMIFS('Resumo por Equipamento'!$H$4:$H$3000,'Resumo por Equipamento'!$B$4:$B$3000,$A15,'Resumo por Equipamento'!$A$4:$A$3000,">="&Diretoria!$B$4,'Resumo por Equipamento'!$A$4:$A$3000,"<="&Diretoria!$D$4)) | J15: =IF(Equipamentos!$A15="","",IFERROR(IF(OR(D15=0,I15=0),"—",I15/D15),"—")) | K15: =IF(Equipamentos!$A15="","",SUMIFS('Resumo por Equipamento'!$J$4:$J$3000,'Resumo por Equipamento'!$B$4:$B$3000,$A15,'Resumo por Equipamento'!$A$4:$A$3000,">="&Diretoria!$B$4,'Resumo por Equipamento'!$A$4:$A$3000,"<="&Diretoria!$D$4))
... A33: =IF(Equipamentos!$A33="","",Equipamentos!$A33) | B33: =IF(Equipamentos!$A33="","",Equipamentos!$B33) | C33: =IF(Equipamentos!$A33="","",COUNTIFS('Resumo por Equipamento'!$B$4:$B$3000,$A33,'Resumo por Equipamento'!$A$4:$A$3000,">="&Diretoria!$B$4,'Resumo por Equipamento'!$A$4:$A$3000,"<="&Diretoria!$D$4,'Resumo por Equipamento'!$C$4:$C$3000,">0")) | D33: =IF(Equipamentos!$A33="","",SUMIFS('Resumo por Equipamento'!$C$4:$C$3000,'Resumo por Equipamento'!$B$4:$B$3000,$A33,'Resumo por Equipamento'!$A$4:$A$3000,">="&Diretoria!$B$4,'Resumo por Equipamento'!$A$4:$A$3000,"<="&Diretoria!$D$4)) | E33: =IF(Equipamentos!$A33="","",SUMIFS('Resumo por Equipamento'!$D$4:$D$3000,'Resumo por Equipamento'!$B$4:$B$3000,$A33,'Resumo por Equipamento'!$A$4:$A$3000,">="&Diretoria!$B$4,'Resumo por Equipamento'!$A$4:$A$3000,"<="&Diretoria!$D$4)) | F33: =IF(Equipamentos!$A33="","",IFERROR(IF(E33=0,"—",D33/E33),"—")) | G33: =IF(Equipamentos!$A33="","",SUMIFS('Resumo por Equipamento'!$F$4:$F$3000,'Resumo por Equipamento'!$B$4:$B$3000,$A33,'Resumo por Equipamento'!$A$4:$A$3000,">="&Diretoria!$B$4,'Resumo por Equipamento'!$A$4:$A$3000,"<="&Diretoria!$D$4)) | H33: =IF(Equipamentos!$A33="","",IFERROR(IF(G33=0,"—",D33/G33),"—")) | I33: =IF(Equipamentos!$A33="","",SUMIFS('Resumo por Equipamento'!$H$4:$H$3000,'Resumo por Equipamento'!$B$4:$B$3000,$A33,'Resumo por Equipamento'!$A$4:$A$3000,">="&Diretoria!$B$4,'Resumo por Equipamento'!$A$4:$A$3000,"<="&Diretoria!$D$4)) | J33: =IF(Equipamentos!$A33="","",IFERROR(IF(OR(D33=0,I33=0),"—",I33/D33),"—")) | K33: =IF(Equipamentos!$A33="","",SUMIFS('Resumo por Equipamento'!$J$4:$J$3000,'Resumo por Equipamento'!$B$4:$B$3000,$A33,'Resumo por Equipamento'!$A$4:$A$3000,">="&Diretoria!$B$4,'Resumo por Equipamento'!$A$4:$A$3000,"<="&Diretoria!$D$4))
A35: TOTAL DA FROTA | C35: =SUM(C4:C33) | D35: =SUM(D4:D33) | E35: =SUM(E4:E33) | F35: =IFERROR(D35/E35,"—") | G35: =SUM(G4:G33) | H35: =IFERROR(D35/G35,"—") | I35: =SUM(I4:I33) | J35: =IFERROR(I35/D35,"—") | K35: =SUM(K4:K33)

Sheet Por Operador
A1: DESEMPENHO POR OPERADOR
A2: Período definido na aba Diretoria. Fonte: aba Resumo por Operador (preenchida pelo app).
A3: Operador | B3: Dias trabalhados | C3: Consumo (L) | D3: Horas | E3: L/h | F3: Produção (t) | G3: L/Ton | H3: Viagens
A4: =IF(Operadores!$A4="","",Operadores!$A4) | B4: =IF(Operadores!$A4="","",COUNTIFS('Resumo por Operador'!$B$4:$B$3000,$A4,'Resumo por Operador'!$A$4:$A$3000,">="&Diretoria!$B$4,'Resumo por Operador'!$A$4:$A$3000,"<="&Diretoria!$D$4)) | C4: =IF(Operadores!$A4="","",SUMIFS('Resumo por Operador'!$D$4:$D$3000,'Resumo por Operador'!$B$4:$B$3000,$A4,'Resumo por Operador'!$A$4:$A$3000,">="&Diretoria!$B$4,'Resumo por Operador'!$A$4:$A$3000,"<="&Diretoria!$D$4)) | D4: =IF(Operadores!$A4="","",SUMIFS('Resumo por Operador'!$E$4:$E$3000,'Resumo por Operador'!$B$4:$B$3000,$A4,'Resumo por Operador'!$A$4:$A$3000,">="&Diretoria!$B$4,'Resumo por Operador'!$A$4:$A$3000,"<="&Diretoria!$D$4)) | E4: =IF(Operadores!$A4="","",IFERROR(IF(D4=0,"—",C4/D4),"—")) | F4: =IF(Operadores!$A4="","",SUMIFS('Resumo por Operador'!$G$4:$G$3000,'Resumo por Operador'!$B$4:$B$3000,$A4,'Resumo por Operador'!$A$4:$A$3000,">="&Diretoria!$B$4,'Resumo por Operador'!$A$4:$A$3000,"<="&Diretoria!$D$4)) | G4: =IF(Operadores!$A4="","",IFERROR(IF(F4=0,"—",C4/F4),"—")) | H4: =IF(Operadores!$A4="","",SUMIFS('Resumo por Operador'!$I$4:$I$3000,'Resumo por Operador'!$B$4:$B$3000,$A4,'Resumo por Operador'!$A$4:$A$3000,">="&Diretoria!$B$4,'Resumo por Operador'!$A$4:$A$3000,"<="&Diretoria!$D$4))
A5: =IF(Operadores!$A5="","",Operadores!$A5) | B5: =IF(Operadores!$A5="","",COUNTIFS('Resumo por Operador'!$B$4:$B$3000,$A5,'Resumo por Operador'!$A$4:$A$3000,">="&Diretoria!$B$4,'Resumo por Operador'!$A$4:$A$3000,"<="&Diretoria!$D$4)) | C5: =IF(Operadores!$A5="","",SUMIFS('Resumo por Operador'!$D$4:$D$3000,'Resumo por Operador'!$B$4:$B$3000,$A5,'Resumo por Operador'!$A$4:$A$3000,">="&Diretoria!$B$4,'Resumo por Operador'!$A$4:$A$3000,"<="&Diretoria!$D$4)) | D5: =IF(Operadores!$A5="","",SUMIFS('Resumo por Operador'!$E$4:$E$3000,'Resumo por Operador'!$B$4:$B$3000,$A5,'Resumo por Operador'!$A$4:$A$3000,">="&Diretoria!$B$4,'Resumo por Operador'!$A$4:$A$3000,"<="&Diretoria!$D$4)) | E5: =IF(Operadores!$A5="","",IFERROR(IF(D5=0,"—",C5/D5),"—")) | F5: =IF(Operadores!$A5="","",SUMIFS('Resumo por Operador'!$G$4:$G$3000,'Resumo por Operador'!$B$4:$B$3000,$A5,'Resumo por Operador'!$A$4:$A$3000,">="&Diretoria!$B$4,'Resumo por Operador'!$A$4:$A$3000,"<="&Diretoria!$D$4)) | G5: =IF(Operadores!$A5="","",IFERROR(IF(F5=0,"—",C5/F5),"—")) | H5: =IF(Operadores!$A5="","",SUMIFS('Resumo por Operador'!$I$4:$I$3000,'Resumo por Operador'!$B$4:$B$3000,$A5,'Resumo por Operador'!$A$4:$A$3000,">="&Diretoria!$B$4,'Resumo por Operador'!$A$4:$A$3000,"<="&Diretoria!$D$4))
A6: =IF(Operadores!$A6="","",Operadores!$A6) | B6: =IF(Operadores!$A6="","",COUNTIFS('Resumo por Operador'!$B$4:$B$3000,$A6,'Resumo por Operador'!$A$4:$A$3000,">="&Diretoria!$B$4,'Resumo por Operador'!$A$4:$A$3000,"<="&Diretoria!$D$4)) | C6: =IF(Operadores!$A6="","",SUMIFS('Resumo por Operador'!$D$4:$D$3000,'Resumo por Operador'!$B$4:$B$3000,$A6,'Resumo por Operador'!$A$4:$A$3000,">="&Diretoria!$B$4,'Resumo por Operador'!$A$4:$A$3000,"<="&Diretoria!$D$4)) | D6: =IF(Operadores!$A6="","",SUMIFS('Resumo por Operador'!$E$4:$E$3000,'Resumo por Operador'!$B$4:$B$3000,$A6,'Resumo por Operador'!$A$4:$A$3000,">="&Diretoria!$B$4,'Resumo por Operador'!$A$4:$A$3000,"<="&Diretoria!$D$4)) | E6: =IF(Operadores!$A6="","",IFERROR(IF(D6=0,"—",C6/D6),"—")) | F6: =IF(Operadores!$A6="","",SUMIFS('Resumo por Operador'!$G$4:$G$3000,'Resumo por Operador'!$B$4:$B$3000,$A6,'Resumo por Operador'!$A$4:$A$3000,">="&Diretoria!$B$4,'Resumo por Operador'!$A$4:$A$3000,"<="&Diretoria!$D$4)) | G6: =IF(Operadores!$A6="","",IFERROR(IF(F6=0,"—",C6/F6),"—")) | H6: =IF(Operadores!$A6="","",SUMIFS('Resumo por Operador'!$I$4:$I$3000,'Resumo por Operador'!$B$4:$B$3000,$A6,'Resumo por Operador'!$A$4:$A$3000,">="&Diretoria!$B$4,'Resumo por Operador'!$A$4:$A$3000,"<="&Diretoria!$D$4))
A7: =IF(Operadores!$A7="","",Operadores!$A7) | B7: =IF(Operadores!$A7="","",COUNTIFS('Resumo por Operador'!$B$4:$B$3000,$A7,'Resumo por Operador'!$A$4:$A$3000,">="&Diretoria!$B$4,'Resumo por Operador'!$A$4:$A$3000,"<="&Diretoria!$D$4)) | C7: =IF(Operadores!$A7="","",SUMIFS('Resumo por Operador'!$D$4:$D$3000,'Resumo por Operador'!$B$4:$B$3000,$A7,'Resumo por Operador'!$A$4:$A$3000,">="&Diretoria!$B$4,'Resumo por Operador'!$A$4:$A$3000,"<="&Diretoria!$D$4)) | D7: =IF(Operadores!$A7="","",SUMIFS('Resumo por Operador'!$E$4:$E$3000,'Resumo por Operador'!$B$4:$B$3000,$A7,'Resumo por Operador'!$A$4:$A$3000,">="&Diretoria!$B$4,'Resumo por Operador'!$A$4:$A$3000,"<="&Diretoria!$D$4)) | E7: =IF(Operadores!$A7="","",IFERROR(IF(D7=0,"—",C7/D7),"—")) | F7: =IF(Operadores!$A7="","",SUMIFS('Resumo por Operador'!$G$4:$G$3000,'Resumo por Operador'!$B$4:$B$3000,$A7,'Resumo por Operador'!$A$4:$A$3000,">="&Diretoria!$B$4,'Resumo por Operador'!$A$4:$A$3000,"<="&Diretoria!$D$4)) | G7: =IF(Operadores!$A7="","",IFERROR(IF(F7=0,"—",C7/F7),"—")) | H7: =IF(Operadores!$A7="","",SUMIFS('Resumo por Operador'!$I$4:$I$3000,'Resumo por Operador'!$B$4:$B$3000,$A7,'Resumo por Operador'!$A$4:$A$3000,">="&Diretoria!$B$4,'Resumo por Operador'!$A$4:$A$3000,"<="&Diretoria!$D$4))
A8: =IF(Operadores!$A8="","",Operadores!$A8) | B8: =IF(Operadores!$A8="","",COUNTIFS('Resumo por Operador'!$B$4:$B$3000,$A8,'Resumo por Operador'!$A$4:$A$3000,">="&Diretoria!$B$4,'Resumo por Operador'!$A$4:$A$3000,"<="&Diretoria!$D$4)) | C8: =IF(Operadores!$A8="","",SUMIFS('Resumo por Operador'!$D$4:$D$3000,'Resumo por Operador'!$B$4:$B$3000,$A8,'Resumo por Operador'!$A$4:$A$3000,">="&Diretoria!$B$4,'Resumo por Operador'!$A$4:$A$3000,"<="&Diretoria!$D$4)) | D8: =IF(Operadores!$A8="","",SUMIFS('Resumo por Operador'!$E$4:$E$3000,'Resumo por Operador'!$B$4:$B$3000,$A8,'Resumo por Operador'!$A$4:$A$3000,">="&Diretoria!$B$4,'Resumo por Operador'!$A$4:$A$3000,"<="&Diretoria!$D$4)) | E8: =IF(Operadores!$A8="","",IFERROR(IF(D8=0,"—",C8/D8),"—")) | F8: =IF(Operadores!$A8="","",SUMIFS('Resumo por Operador'!$G$4:$G$3000,'Resumo por Operador'!$B$4:$B$3000,$A8,'Resumo por Operador'!$A$4:$A$3000,">="&Diretoria!$B$4,'Resumo por Operador'!$A$4:$A$3000,"<="&Diretoria!$D$4)) | G8: =IF(Operadores!$A8="","",IFERROR(IF(F8=0,"—",C8/F8),"—")) | H8: =IF(Operadores!$A8="","",SUMIFS('Resumo por Operador'!$I$4:$I$3000,'Resumo por Operador'!$B$4:$B$3000,$A8,'Resumo por Operador'!$A$4:$A$3000,">="&Diretoria!$B$4,'Resumo por Operador'!$A$4:$A$3000,"<="&Diretoria!$D$4))
A9: =IF(Operadores!$A9="","",Operadores!$A9) | B9: =IF(Operadores!$A9="","",COUNTIFS('Resumo por Operador'!$B$4:$B$3000,$A9,'Resumo por Operador'!$A$4:$A$3000,">="&Diretoria!$B$4,'Resumo por Operador'!$A$4:$A$3000,"<="&Diretoria!$D$4)) | C9: =IF(Operadores!$A9="","",SUMIFS('Resumo por Operador'!$D$4:$D$3000,'Resumo por Operador'!$B$4:$B$3000,$A9,'Resumo por Operador'!$A$4:$A$3000,">="&Diretoria!$B$4,'Resumo por Operador'!$A$4:$A$3000,"<="&Diretoria!$D$4)) | D9: =IF(Operadores!$A9="","",SUMIFS('Resumo por Operador'!$E$4:$E$3000,'Resumo por Operador'!$B$4:$B$3000,$A9,'Resumo por Operador'!$A$4:$A$3000,">="&Diretoria!$B$4,'Resumo por Operador'!$A$4:$A$3000,"<="&Diretoria!$D$4)) | E9: =IF(Operadores!$A9="","",IFERROR(IF(D9=0,"—",C9/D9),"—")) | F9: =IF(Operadores!$A9="","",SUMIFS('Resumo por Operador'!$G$4:$G$3000,'Resumo por Operador'!$B$4:$B$3000,$A9,'Resumo por Operador'!$A$4:$A$3000,">="&Diretoria!$B$4,'Resumo por Operador'!$A$4:$A$3000,"<="&Diretoria!$D$4)) | G9: =IF(Operadores!$A9="","",IFERROR(IF(F9=0,"—",C9/F9),"—")) | H9: =IF(Operadores!$A9="","",SUMIFS('Resumo por Operador'!$I$4:$I$3000,'Resumo por Operador'!$B$4:$B$3000,$A9,'Resumo por Operador'!$A$4:$A$3000,">="&Diretoria!$B$4,'Resumo por Operador'!$A$4:$A$3000,"<="&Diretoria!$D$4))
A10: =IF(Operadores!$A10="","",Operadores!$A10) | B10: =IF(Operadores!$A10="","",COUNTIFS('Resumo por Operador'!$B$4:$B$3000,$A10,'Resumo por Operador'!$A$4:$A$3000,">="&Diretoria!$B$4,'Resumo por Operador'!$A$4:$A$3000,"<="&Diretoria!$D$4)) | C10: =IF(Operadores!$A10="","",SUMIFS('Resumo por Operador'!$D$4:$D$3000,'Resumo por Operador'!$B$4:$B$3000,$A10,'Resumo por Operador'!$A$4:$A$3000,">="&Diretoria!$B$4,'Resumo por Operador'!$A$4:$A$3000,"<="&Diretoria!$D$4)) | D10: =IF(Operadores!$A10="","",SUMIFS('Resumo por Operador'!$E$4:$E$3000,'Resumo por Operador'!$B$4:$B$3000,$A10,'Resumo por Operador'!$A$4:$A$3000,">="&Diretoria!$B$4,'Resumo por Operador'!$A$4:$A$3000,"<="&Diretoria!$D$4)) | E10: =IF(Operadores!$A10="","",IFERROR(IF(D10=0,"—",C10/D10),"—")) | F10: =IF(Operadores!$A10="","",SUMIFS('Resumo por Operador'!$G$4:$G$3000,'Resumo por Operador'!$B$4:$B$3000,$A10,'Resumo por Operador'!$A$4:$A$3000,">="&Diretoria!$B$4,'Resumo por Operador'!$A$4:$A$3000,"<="&Diretoria!$D$4)) | G10: =IF(Operadores!$A10="","",IFERROR(IF(F10=0,"—",C10/F10),"—")) | H10: =IF(Operadores!$A10="","",SUMIFS('Resumo por Operador'!$I$4:$I$3000,'Resumo por Operador'!$B$4:$B$3000,$A10,'Resumo por Operador'!$A$4:$A$3000,">="&Diretoria!$B$4,'Resumo por Operador'!$A$4:$A$3000,"<="&Diretoria!$D$4))
A11: =IF(Operadores!$A11="","",Operadores!$A11) | B11: =IF(Operadores!$A11="","",COUNTIFS('Resumo por Operador'!$B$4:$B$3000,$A11,'Resumo por Operador'!$A$4:$A$3000,">="&Diretoria!$B$4,'Resumo por Operador'!$A$4:$A$3000,"<="&Diretoria!$D$4)) | C11: =IF(Operadores!$A11="","",SUMIFS('Resumo por Operador'!$D$4:$D$3000,'Resumo por Operador'!$B$4:$B$3000,$A11,'Resumo por Operador'!$A$4:$A$3000,">="&Diretoria!$B$4,'Resumo por Operador'!$A$4:$A$3000,"<="&Diretoria!$D$4)) | D11: =IF(Operadores!$A11="","",SUMIFS('Resumo por Operador'!$E$4:$E$3000,'Resumo por Operador'!$B$4:$B$3000,$A11,'Resumo por Operador'!$A$4:$A$3000,">="&Diretoria!$B$4,'Resumo por Operador'!$A$4:$A$3000,"<="&Diretoria!$D$4)) | E11: =IF(Operadores!$A11="","",IFERROR(IF(D11=0,"—",C11/D11),"—")) | F11: =IF(Operadores!$A11="","",SUMIFS('Resumo por Operador'!$G$4:$G$3000,'Resumo por Operador'!$B$4:$B$3000,$A11,'Resumo por Operador'!$A$4:$A$3000,">="&Diretoria!$B$4,'Resumo por Operador'!$A$4:$A$3000,"<="&Diretoria!$D$4)) | G11: =IF(Operadores!$A11="","",IFERROR(IF(F11=0,"—",C11/F11),"—")) | H11: =IF(Operadores!$A11="","",SUMIFS('Resumo por Operador'!$I$4:$I$3000,'Resumo por Operador'!$B$4:$B$3000,$A11,'Resumo por Operador'!$A$4:$A$3000,">="&Diretoria!$B$4,'Resumo por Operador'!$A$4:$A$3000,"<="&Diretoria!$D$4))
A12: =IF(Operadores!$A12="","",Operadores!$A12) | B12: =IF(Operadores!$A12="","",COUNTIFS('Resumo por Operador'!$B$4:$B$3000,$A12,'Resumo por Operador'!$A$4:$A$3000,">="&Diretoria!$B$4,'Resumo por Operador'!$A$4:$A$3000,"<="&Diretoria!$D$4)) | C12: =IF(Operadores!$A12="","",SUMIFS('Resumo por Operador'!$D$4:$D$3000,'Resumo por Operador'!$B$4:$B$3000,$A12,'Resumo por Operador'!$A$4:$A$3000,">="&Diretoria!$B$4,'Resumo por Operador'!$A$4:$A$3000,"<="&Diretoria!$D$4)) | D12: =IF(Operadores!$A12="","",SUMIFS('Resumo por Operador'!$E$4:$E$3000,'Resumo por Operador'!$B$4:$B$3000,$A12,'Resumo por Operador'!$A$4:$A$3000,">="&Diretoria!$B$4,'Resumo por Operador'!$A$4:$A$3000,"<="&Diretoria!$D$4)) | E12: =IF(Operadores!$A12="","",IFERROR(IF(D12=0,"—",C12/D12),"—")) | F12: =IF(Operadores!$A12="","",SUMIFS('Resumo por Operador'!$G$4:$G$3000,'Resumo por Operador'!$B$4:$B$3000,$A12,'Resumo por Operador'!$A$4:$A$3000,">="&Diretoria!$B$4,'Resumo por Operador'!$A$4:$A$3000,"<="&Diretoria!$D$4)) | G12: =IF(Operadores!$A12="","",IFERROR(IF(F12=0,"—",C12/F12),"—")) | H12: =IF(Operadores!$A12="","",SUMIFS('Resumo por Operador'!$I$4:$I$3000,'Resumo por Operador'!$B$4:$B$3000,$A12,'Resumo por Operador'!$A$4:$A$3000,">="&Diretoria!$B$4,'Resumo por Operador'!$A$4:$A$3000,"<="&Diretoria!$D$4))
A13: =IF(Operadores!$A13="","",Operadores!$A13) | B13: =IF(Operadores!$A13="","",COUNTIFS('Resumo por Operador'!$B$4:$B$3000,$A13,'Resumo por Operador'!$A$4:$A$3000,">="&Diretoria!$B$4,'Resumo por Operador'!$A$4:$A$3000,"<="&Diretoria!$D$4)) | C13: =IF(Operadores!$A13="","",SUMIFS('Resumo por Operador'!$D$4:$D$3000,'Resumo por Operador'!$B$4:$B$3000,$A13,'Resumo por Operador'!$A$4:$A$3000,">="&Diretoria!$B$4,'Resumo por Operador'!$A$4:$A$3000,"<="&Diretoria!$D$4)) | D13: =IF(Operadores!$A13="","",SUMIFS('Resumo por Operador'!$E$4:$E$3000,'Resumo por Operador'!$B$4:$B$3000,$A13,'Resumo por Operador'!$A$4:$A$3000,">="&Diretoria!$B$4,'Resumo por Operador'!$A$4:$A$3000,"<="&Diretoria!$D$4)) | E13: =IF(Operadores!$A13="","",IFERROR(IF(D13=0,"—",C13/D13),"—")) | F13: =IF(Operadores!$A13="","",SUMIFS('Resumo por Operador'!$G$4:$G$3000,'Resumo por Operador'!$B$4:$B$3000,$A13,'Resumo por Operador'!$A$4:$A$3000,">="&Diretoria!$B$4,'Resumo por Operador'!$A$4:$A$3000,"<="&Diretoria!$D$4)) | G13: =IF(Operadores!$A13="","",IFERROR(IF(F13=0,"—",C13/F13),"—")) | H13: =IF(Operadores!$A13="","",SUMIFS('Resumo por Operador'!$I$4:$I$3000,'Resumo por Operador'!$B$4:$B$3000,$A13,'Resumo por Operador'!$A$4:$A$3000,">="&Diretoria!$B$4,'Resumo por Operador'!$A$4:$A$3000,"<="&Diretoria!$D$4))
A14: =IF(Operadores!$A14="","",Operadores!$A14) | B14: =IF(Operadores!$A14="","",COUNTIFS('Resumo por Operador'!$B$4:$B$3000,$A14,'Resumo por Operador'!$A$4:$A$3000,">="&Diretoria!$B$4,'Resumo por Operador'!$A$4:$A$3000,"<="&Diretoria!$D$4)) | C14: =IF(Operadores!$A14="","",SUMIFS('Resumo por Operador'!$D$4:$D$3000,'Resumo por Operador'!$B$4:$B$3000,$A14,'Resumo por Operador'!$A$4:$A$3000,">="&Diretoria!$B$4,'Resumo por Operador'!$A$4:$A$3000,"<="&Diretoria!$D$4)) | D14: =IF(Operadores!$A14="","",SUMIFS('Resumo por Operador'!$E$4:$E$3000,'Resumo por Operador'!$B$4:$B$3000,$A14,'Resumo por Operador'!$A$4:$A$3000,">="&Diretoria!$B$4,'Resumo por Operador'!$A$4:$A$3000,"<="&Diretoria!$D$4)) | E14: =IF(Operadores!$A14="","",IFERROR(IF(D14=0,"—",C14/D14),"—")) | F14: =IF(Operadores!$A14="","",SUMIFS('Resumo por Operador'!$G$4:$G$3000,'Resumo por Operador'!$B$4:$B$3000,$A14,'Resumo por Operador'!$A$4:$A$3000,">="&Diretoria!$B$4,'Resumo por Operador'!$A$4:$A$3000,"<="&Diretoria!$D$4)) | G14: =IF(Operadores!$A14="","",IFERROR(IF(F14=0,"—",C14/F14),"—")) | H14: =IF(Operadores!$A14="","",SUMIFS('Resumo por Operador'!$I$4:$I$3000,'Resumo por Operador'!$B$4:$B$3000,$A14,'Resumo por Operador'!$A$4:$A$3000,">="&Diretoria!$B$4,'Resumo por Operador'!$A$4:$A$3000,"<="&Diretoria!$D$4))
A15: =IF(Operadores!$A15="","",Operadores!$A15) | B15: =IF(Operadores!$A15="","",COUNTIFS('Resumo por Operador'!$B$4:$B$3000,$A15,'Resumo por Operador'!$A$4:$A$3000,">="&Diretoria!$B$4,'Resumo por Operador'!$A$4:$A$3000,"<="&Diretoria!$D$4)) | C15: =IF(Operadores!$A15="","",SUMIFS('Resumo por Operador'!$D$4:$D$3000,'Resumo por Operador'!$B$4:$B$3000,$A15,'Resumo por Operador'!$A$4:$A$3000,">="&Diretoria!$B$4,'Resumo por Operador'!$A$4:$A$3000,"<="&Diretoria!$D$4)) | D15: =IF(Operadores!$A15="","",SUMIFS('Resumo por Operador'!$E$4:$E$3000,'Resumo por Operador'!$B$4:$B$3000,$A15,'Resumo por Operador'!$A$4:$A$3000,">="&Diretoria!$B$4,'Resumo por Operador'!$A$4:$A$3000,"<="&Diretoria!$D$4)) | E15: =IF(Operadores!$A15="","",IFERROR(IF(D15=0,"—",C15/D15),"—")) | F15: =IF(Operadores!$A15="","",SUMIFS('Resumo por Operador'!$G$4:$G$3000,'Resumo por Operador'!$B$4:$B$3000,$A15,'Resumo por Operador'!$A$4:$A$3000,">="&Diretoria!$B$4,'Resumo por Operador'!$A$4:$A$3000,"<="&Diretoria!$D$4)) | G15: =IF(Operadores!$A15="","",IFERROR(IF(F15=0,"—",C15/F15),"—")) | H15: =IF(Operadores!$A15="","",SUMIFS('Resumo por Operador'!$I$4:$I$3000,'Resumo por Operador'!$B$4:$B$3000,$A15,'Resumo por Operador'!$A$4:$A$3000,">="&Diretoria!$B$4,'Resumo por Operador'!$A$4:$A$3000,"<="&Diretoria!$D$4))
... A33: =IF(Operadores!$A33="","",Operadores!$A33) | B33: =IF(Operadores!$A33="","",COUNTIFS('Resumo por Operador'!$B$4:$B$3000,$A33,'Resumo por Operador'!$A$4:$A$3000,">="&Diretoria!$B$4,'Resumo por Operador'!$A$4:$A$3000,"<="&Diretoria!$D$4)) | C33: =IF(Operadores!$A33="","",SUMIFS('Resumo por Operador'!$D$4:$D$3000,'Resumo por Operador'!$B$4:$B$3000,$A33,'Resumo por Operador'!$A$4:$A$3000,">="&Diretoria!$B$4,'Resumo por Operador'!$A$4:$A$3000,"<="&Diretoria!$D$4)) | D33: =IF(Operadores!$A33="","",SUMIFS('Resumo por Operador'!$E$4:$E$3000,'Resumo por Operador'!$B$4:$B$3000,$A33,'Resumo por Operador'!$A$4:$A$3000,">="&Diretoria!$B$4,'Resumo por Operador'!$A$4:$A$3000,"<="&Diretoria!$D$4)) | E33: =IF(Operadores!$A33="","",IFERROR(IF(D33=0,"—",C33/D33),"—")) | F33: =IF(Operadores!$A33="","",SUMIFS('Resumo por Operador'!$G$4:$G$3000,'Resumo por Operador'!$B$4:$B$3000,$A33,'Resumo por Operador'!$A$4:$A$3000,">="&Diretoria!$B$4,'Resumo por Operador'!$A$4:$A$3000,"<="&Diretoria!$D$4)) | G33: =IF(Operadores!$A33="","",IFERROR(IF(F33=0,"—",C33/F33),"—")) | H33: =IF(Operadores!$A33="","",SUMIFS('Resumo por Operador'!$I$4:$I$3000,'Resumo por Operador'!$B$4:$B$3000,$A33,'Resumo por Operador'!$A$4:$A$3000,">="&Diretoria!$B$4,'Resumo por Operador'!$A$4:$A$3000,"<="&Diretoria!$D$4))

Sheet Evolução Diária
A1: EVOLUÇÃO DIÁRIA
A2: Espelho da aba Resumo por Dia — cresce sozinha conforme o app lança.
A3: Data | B3: Consumo (L) | C3: Horas | D3: L/h | E3: Produção (t) | F3: L/Ton | G3: Viagens | H3: Equip.
A4: =IF('Resumo por Dia'!$A4="","",'Resumo por Dia'!$A4) | B4: =IF('Resumo por Dia'!$A4="","",'Resumo por Dia'!$D4) | C4: =IF('Resumo por Dia'!$A4="","",'Resumo por Dia'!$E4) | D4: =IF('Resumo por Dia'!$A4="","",'Resumo por Dia'!$F4) | E4: =IF('Resumo por Dia'!$A4="","",'Resumo por Dia'!$G4) | F4: =IF('Resumo por Dia'!$A4="","",'Resumo por Dia'!$H4) | G4: =IF('Resumo por Dia'!$A4="","",'Resumo por Dia'!$N4) | H4: =IF('Resumo por Dia'!$A4="","",'Resumo por Dia'!$B4)
A5: =IF('Resumo por Dia'!$A5="","",'Resumo por Dia'!$A5) | B5: =IF('Resumo por Dia'!$A5="","",'Resumo por Dia'!$D5) | C5: =IF('Resumo por Dia'!$A5="","",'Resumo por Dia'!$E5) | D5: =IF('Resumo por Dia'!$A5="","",'Resumo por Dia'!$F5) | E5: =IF('Resumo por Dia'!$A5="","",'Resumo por Dia'!$G5) | F5: =IF('Resumo por Dia'!$A5="","",'Resumo por Dia'!$H5) | G5: =IF('Resumo por Dia'!$A5="","",'Resumo por Dia'!$N5) | H5: =IF('Resumo por Dia'!$A5="","",'Resumo por Dia'!$B5)
A6: =IF('Resumo por Dia'!$A6="","",'Resumo por Dia'!$A6) | B6: =IF('Resumo por Dia'!$A6="","",'Resumo por Dia'!$D6) | C6: =IF('Resumo por Dia'!$A6="","",'Resumo por Dia'!$E6) | D6: =IF('Resumo por Dia'!$A6="","",'Resumo por Dia'!$F6) | E6: =IF('Resumo por Dia'!$A6="","",'Resumo por Dia'!$G6) | F6: =IF('Resumo por Dia'!$A6="","",'Resumo por Dia'!$H6) | G6: =IF('Resumo por Dia'!$A6="","",'Resumo por Dia'!$N6) | H6: =IF('Resumo por Dia'!$A6="","",'Resumo por Dia'!$B6)
A7: =IF('Resumo por Dia'!$A7="","",'Resumo por Dia'!$A7) | B7: =IF('Resumo por Dia'!$A7="","",'Resumo por Dia'!$D7) | C7: =IF('Resumo por Dia'!$A7="","",'Resumo por Dia'!$E7) | D7: =IF('Resumo por Dia'!$A7="","",'Resumo por Dia'!$F7) | E7: =IF('Resumo por Dia'!$A7="","",'Resumo por Dia'!$G7) | F7: =IF('Resumo por Dia'!$A7="","",'Resumo por Dia'!$H7) | G7: =IF('Resumo por Dia'!$A7="","",'Resumo por Dia'!$N7) | H7: =IF('Resumo por Dia'!$A7="","",'Resumo por Dia'!$B7)
A8: =IF('Resumo por Dia'!$A8="","",'Resumo por Dia'!$A8) | B8: =IF('Resumo por Dia'!$A8="","",'Resumo por Dia'!$D8) | C8: =IF('Resumo por Dia'!$A8="","",'Resumo por Dia'!$E8) | D8: =IF('Resumo por Dia'!$A8="","",'Resumo por Dia'!$F8) | E8: =IF('Resumo por Dia'!$A8="","",'Resumo por Dia'!$G8) | F8: =IF('Resumo por Dia'!$A8="","",'Resumo por Dia'!$H8) | G8: =IF('Resumo por Dia'!$A8="","",'Resumo por Dia'!$N8) | H8: =IF('Resumo por Dia'!$A8="","",'Resumo por Dia'!$B8)
A9: =IF('Resumo por Dia'!$A9="","",'Resumo por Dia'!$A9) | B9: =IF('Resumo por Dia'!$A9="","",'Resumo por Dia'!$D9) | C9: =IF('Resumo por Dia'!$A9="","",'Resumo por Dia'!$E9) | D9: =IF('Resumo por Dia'!$A9="","",'Resumo por Dia'!$F9) | E9: =IF('Resumo por Dia'!$A9="","",'Resumo por Dia'!$G9) | F9: =IF('Resumo por Dia'!$A9="","",'Resumo por Dia'!$H9) | G9: =IF('Resumo por Dia'!$A9="","",'Resumo por Dia'!$N9) | H9: =IF('Resumo por Dia'!$A9="","",'Resumo por Dia'!$B9)
A10: =IF('Resumo por Dia'!$A10="","",'Resumo por Dia'!$A10) | B10: =IF('Resumo por Dia'!$A10="","",'Resumo por Dia'!$D10) | C10: =IF('Resumo por Dia'!$A10="","",'Resumo por Dia'!$E10) | D10: =IF('Resumo por Dia'!$A10="","",'Resumo por Dia'!$F10) | E10: =IF('Resumo por Dia'!$A10="","",'Resumo por Dia'!$G10) | F10: =IF('Resumo por Dia'!$A10="","",'Resumo por Dia'!$H10) | G10: =IF('Resumo por Dia'!$A10="","",'Resumo por Dia'!$N10) | H10: =IF('Resumo por Dia'!$A10="","",'Resumo por Dia'!$B10)
A11: =IF('Resumo por Dia'!$A11="","",'Resumo por Dia'!$A11) | B11: =IF('Resumo por Dia'!$A11="","",'Resumo por Dia'!$D11) | C11: =IF('Resumo por Dia'!$A11="","",'Resumo por Dia'!$E11) | D11: =IF('Resumo por Dia'!$A11="","",'Resumo por Dia'!$F11) | E11: =IF('Resumo por Dia'!$A11="","",'Resumo por Dia'!$G11) | F11: =IF('Resumo por Dia'!$A11="","",'Resumo por Dia'!$H11) | G11: =IF('Resumo por Dia'!$A11="","",'Resumo por Dia'!$N11) | H11: =IF('Resumo por Dia'!$A11="","",'Resumo por Dia'!$B11)
A12: =IF('Resumo por Dia'!$A12="","",'Resumo por Dia'!$A12) | B12: =IF('Resumo por Dia'!$A12="","",'Resumo por Dia'!$D12) | C12: =IF('Resumo por Dia'!$A12="","",'Resumo por Dia'!$E12) | D12: =IF('Resumo por Dia'!$A12="","",'Resumo por Dia'!$F12) | E12: =IF('Resumo por Dia'!$A12="","",'Resumo por Dia'!$G12) | F12: =IF('Resumo por Dia'!$A12="","",'Resumo por Dia'!$H12) | G12: =IF('Resumo por Dia'!$A12="","",'Resumo por Dia'!$N12) | H12: =IF('Resumo por Dia'!$A12="","",'Resumo por Dia'!$B12)
A13: =IF('Resumo por Dia'!$A13="","",'Resumo por Dia'!$A13) | B13: =IF('Resumo por Dia'!$A13="","",'Resumo por Dia'!$D13) | C13: =IF('Resumo por Dia'!$A13="","",'Resumo por Dia'!$E13) | D13: =IF('Resumo por Dia'!$A13="","",'Resumo por Dia'!$F13) | E13: =IF('Resumo por Dia'!$A13="","",'Resumo por Dia'!$G13) | F13: =IF('Resumo por Dia'!$A13="","",'Resumo por Dia'!$H13) | G13: =IF('Resumo por Dia'!$A13="","",'Resumo por Dia'!$N13) | H13: =IF('Resumo por Dia'!$A13="","",'Resumo por Dia'!$B13)
A14: =IF('Resumo por Dia'!$A14="","",'Resumo por Dia'!$A14) | B14: =IF('Resumo por Dia'!$A14="","",'Resumo por Dia'!$D14) | C14: =IF('Resumo por Dia'!$A14="","",'Resumo por Dia'!$E14) | D14: =IF('Resumo por Dia'!$A14="","",'Resumo por Dia'!$F14) | E14: =IF('Resumo por Dia'!$A14="","",'Resumo por Dia'!$G14) | F14: =IF('Resumo por Dia'!$A14="","",'Resumo por Dia'!$H14) | G14: =IF('Resumo por Dia'!$A14="","",'Resumo por Dia'!$N14) | H14: =IF('Resumo por Dia'!$A14="","",'Resumo por Dia'!$B14)
A15: =IF('Resumo por Dia'!$A15="","",'Resumo por Dia'!$A15) | B15: =IF('Resumo por Dia'!$A15="","",'Resumo por Dia'!$D15) | C15: =IF('Resumo por Dia'!$A15="","",'Resumo por Dia'!$E15) | D15: =IF('Resumo por Dia'!$A15="","",'Resumo por Dia'!$F15) | E15: =IF('Resumo por Dia'!$A15="","",'Resumo por Dia'!$G15) | F15: =IF('Resumo por Dia'!$A15="","",'Resumo por Dia'!$H15) | G15: =IF('Resumo por Dia'!$A15="","",'Resumo por Dia'!$N15) | H15: =IF('Resumo por Dia'!$A15="","",'Resumo por Dia'!$B15)
... A203: =IF('Resumo por Dia'!$A203="","",'Resumo por Dia'!$A203) | B203: =IF('Resumo por Dia'!$A203="","",'Resumo por Dia'!$D203) | C203: =IF('Resumo por Dia'!$A203="","",'Resumo por Dia'!$E203) | D203: =IF('Resumo por Dia'!$A203="","",'Resumo por Dia'!$F203) | E203: =IF('Resumo por Dia'!$A203="","",'Resumo por Dia'!$G203) | F203: =IF('Resumo por Dia'!$A203="","",'Resumo por Dia'!$H203) | G203: =IF('Resumo por Dia'!$A203="","",'Resumo por Dia'!$N203) | H203: =IF('Resumo por Dia'!$A203="","",'Resumo por Dia'!$B203)

Sheet Evolução Mensal
A1: FECHAMENTO MENSAL
A2: Espelho da aba Resumo por Mês — uma linha por mês, escrita pelo app.
A3: Mês | B3: Dias | C3: Consumo (L) | D3: Horas | E3: L/h | F3: Produção (t) | G3: L/Ton | H3: Viagens | I3: Manut.
A4: =IF('Resumo por Mês'!$A4="","",'Resumo por Mês'!$A4) | B4: =IF('Resumo por Mês'!$A4="","",'Resumo por Mês'!$B4) | C4: =IF('Resumo por Mês'!$A4="","",'Resumo por Mês'!$E4) | D4: =IF('Resumo por Mês'!$A4="","",'Resumo por Mês'!$F4) | E4: =IF('Resumo por Mês'!$A4="","",'Resumo por Mês'!$G4) | F4: =IF('Resumo por Mês'!$A4="","",'Resumo por Mês'!$H4) | G4: =IF('Resumo por Mês'!$A4="","",'Resumo por Mês'!$I4) | H4: =IF('Resumo por Mês'!$A4="","",'Resumo por Mês'!$O4) | I4: =IF('Resumo por Mês'!$A4="","",'Resumo por Mês'!$P4)
A5: =IF('Resumo por Mês'!$A5="","",'Resumo por Mês'!$A5) | B5: =IF('Resumo por Mês'!$A5="","",'Resumo por Mês'!$B5) | C5: =IF('Resumo por Mês'!$A5="","",'Resumo por Mês'!$E5) | D5: =IF('Resumo por Mês'!$A5="","",'Resumo por Mês'!$F5) | E5: =IF('Resumo por Mês'!$A5="","",'Resumo por Mês'!$G5) | F5: =IF('Resumo por Mês'!$A5="","",'Resumo por Mês'!$H5) | G5: =IF('Resumo por Mês'!$A5="","",'Resumo por Mês'!$I5) | H5: =IF('Resumo por Mês'!$A5="","",'Resumo por Mês'!$O5) | I5: =IF('Resumo por Mês'!$A5="","",'Resumo por Mês'!$P5)
A6: =IF('Resumo por Mês'!$A6="","",'Resumo por Mês'!$A6) | B6: =IF('Resumo por Mês'!$A6="","",'Resumo por Mês'!$B6) | C6: =IF('Resumo por Mês'!$A6="","",'Resumo por Mês'!$E6) | D6: =IF('Resumo por Mês'!$A6="","",'Resumo por Mês'!$F6) | E6: =IF('Resumo por Mês'!$A6="","",'Resumo por Mês'!$G6) | F6: =IF('Resumo por Mês'!$A6="","",'Resumo por Mês'!$H6) | G6: =IF('Resumo por Mês'!$A6="","",'Resumo por Mês'!$I6) | H6: =IF('Resumo por Mês'!$A6="","",'Resumo por Mês'!$O6) | I6: =IF('Resumo por Mês'!$A6="","",'Resumo por Mês'!$P6)
A7: =IF('Resumo por Mês'!$A7="","",'Resumo por Mês'!$A7) | B7: =IF('Resumo por Mês'!$A7="","",'Resumo por Mês'!$B7) | C7: =IF('Resumo por Mês'!$A7="","",'Resumo por Mês'!$E7) | D7: =IF('Resumo por Mês'!$A7="","",'Resumo por Mês'!$F7) | E7: =IF('Resumo por Mês'!$A7="","",'Resumo por Mês'!$G7) | F7: =IF('Resumo por Mês'!$A7="","",'Resumo por Mês'!$H7) | G7: =IF('Resumo por Mês'!$A7="","",'Resumo por Mês'!$I7) | H7: =IF('Resumo por Mês'!$A7="","",'Resumo por Mês'!$O7) | I7: =IF('Resumo por Mês'!$A7="","",'Resumo por Mês'!$P7)
A8: =IF('Resumo por Mês'!$A8="","",'Resumo por Mês'!$A8) | B8: =IF('Resumo por Mês'!$A8="","",'Resumo por Mês'!$B8) | C8: =IF('Resumo por Mês'!$A8="","",'Resumo por Mês'!$E8) | D8: =IF('Resumo por Mês'!$A8="","",'Resumo por Mês'!$F8) | E8: =IF('Resumo por Mês'!$A8="","",'Resumo por Mês'!$G8) | F8: =IF('Resumo por Mês'!$A8="","",'Resumo por Mês'!$H8) | G8: =IF('Resumo por Mês'!$A8="","",'Resumo por Mês'!$I8) | H8: =IF('Resumo por Mês'!$A8="","",'Resumo por Mês'!$O8) | I8: =IF('Resumo por Mês'!$A8="","",'Resumo por Mês'!$P8)
A9: =IF('Resumo por Mês'!$A9="","",'Resumo por Mês'!$A9) | B9: =IF('Resumo por Mês'!$A9="","",'Resumo por Mês'!$B9) | C9: =IF('Resumo por Mês'!$A9="","",'Resumo por Mês'!$E9) | D9: =IF('Resumo por Mês'!$A9="","",'Resumo por Mês'!$F9) | E9: =IF('Resumo por Mês'!$A9="","",'Resumo por Mês'!$G9) | F9: =IF('Resumo por Mês'!$A9="","",'Resumo por Mês'!$H9) | G9: =IF('Resumo por Mês'!$A9="","",'Resumo por Mês'!$I9) | H9: =IF('Resumo por Mês'!$A9="","",'Resumo por Mês'!$O9) | I9: =IF('Resumo por Mês'!$A9="","",'Resumo por Mês'!$P9)
A10: =IF('Resumo por Mês'!$A10="","",'Resumo por Mês'!$A10) | B10: =IF('Resumo por Mês'!$A10="","",'Resumo por Mês'!$B10) | C10: =IF('Resumo por Mês'!$A10="","",'Resumo por Mês'!$E10) | D10: =IF('Resumo por Mês'!$A10="","",'Resumo por Mês'!$F10) | E10: =IF('Resumo por Mês'!$A10="","",'Resumo por Mês'!$G10) | F10: =IF('Resumo por Mês'!$A10="","",'Resumo por Mês'!$H10) | G10: =IF('Resumo por Mês'!$A10="","",'Resumo por Mês'!$I10) | H10: =IF('Resumo por Mês'!$A10="","",'Resumo por Mês'!$O10) | I10: =IF('Resumo por Mês'!$A10="","",'Resumo por Mês'!$P10)
A11: =IF('Resumo por Mês'!$A11="","",'Resumo por Mês'!$A11) | B11: =IF('Resumo por Mês'!$A11="","",'Resumo por Mês'!$B11) | C11: =IF('Resumo por Mês'!$A11="","",'Resumo por Mês'!$E11) | D11: =IF('Resumo por Mês'!$A11="","",'Resumo por Mês'!$F11) | E11: =IF('Resumo por Mês'!$A11="","",'Resumo por Mês'!$G11) | F11: =IF('Resumo por Mês'!$A11="","",'Resumo por Mês'!$H11) | G11: =IF('Resumo por Mês'!$A11="","",'Resumo por Mês'!$I11) | H11: =IF('Resumo por Mês'!$A11="","",'Resumo por Mês'!$O11) | I11: =IF('Resumo por Mês'!$A11="","",'Resumo por Mês'!$P11)
A12: =IF('Resumo por Mês'!$A12="","",'Resumo por Mês'!$A12) | B12: =IF('Resumo por Mês'!$A12="","",'Resumo por Mês'!$B12) | C12: =IF('Resumo por Mês'!$A12="","",'Resumo por Mês'!$E12) | D12: =IF('Resumo por Mês'!$A12="","",'Resumo por Mês'!$F12) | E12: =IF('Resumo por Mês'!$A12="","",'Resumo por Mês'!$G12) | F12: =IF('Resumo por Mês'!$A12="","",'Resumo por Mês'!$H12) | G12: =IF('Resumo por Mês'!$A12="","",'Resumo por Mês'!$I12) | H12: =IF('Resumo por Mês'!$A12="","",'Resumo por Mês'!$O12) | I12: =IF('Resumo por Mês'!$A12="","",'Resumo por Mês'!$P12)
A13: =IF('Resumo por Mês'!$A13="","",'Resumo por Mês'!$A13) | B13: =IF('Resumo por Mês'!$A13="","",'Resumo por Mês'!$B13) | C13: =IF('Resumo por Mês'!$A13="","",'Resumo por Mês'!$E13) | D13: =IF('Resumo por Mês'!$A13="","",'Resumo por Mês'!$F13) | E13: =IF('Resumo por Mês'!$A13="","",'Resumo por Mês'!$G13) | F13: =IF('Resumo por Mês'!$A13="","",'Resumo por Mês'!$H13) | G13: =IF('Resumo por Mês'!$A13="","",'Resumo por Mês'!$I13) | H13: =IF('Resumo por Mês'!$A13="","",'Resumo por Mês'!$O13) | I13: =IF('Resumo por Mês'!$A13="","",'Resumo por Mês'!$P13)
A14: =IF('Resumo por Mês'!$A14="","",'Resumo por Mês'!$A14) | B14: =IF('Resumo por Mês'!$A14="","",'Resumo por Mês'!$B14) | C14: =IF('Resumo por Mês'!$A14="","",'Resumo por Mês'!$E14) | D14: =IF('Resumo por Mês'!$A14="","",'Resumo por Mês'!$F14) | E14: =IF('Resumo por Mês'!$A14="","",'Resumo por Mês'!$G14) | F14: =IF('Resumo por Mês'!$A14="","",'Resumo por Mês'!$H14) | G14: =IF('Resumo por Mês'!$A14="","",'Resumo por Mês'!$I14) | H14: =IF('Resumo por Mês'!$A14="","",'Resumo por Mês'!$O14) | I14: =IF('Resumo por Mês'!$A14="","",'Resumo por Mês'!$P14)
A15: =IF('Resumo por Mês'!$A15="","",'Resumo por Mês'!$A15) | B15: =IF('Resumo por Mês'!$A15="","",'Resumo por Mês'!$B15) | C15: =IF('Resumo por Mês'!$A15="","",'Resumo por Mês'!$E15) | D15: =IF('Resumo por Mês'!$A15="","",'Resumo por Mês'!$F15) | E15: =IF('Resumo por Mês'!$A15="","",'Resumo por Mês'!$G15) | F15: =IF('Resumo por Mês'!$A15="","",'Resumo por Mês'!$H15) | G15: =IF('Resumo por Mês'!$A15="","",'Resumo por Mês'!$I15) | H15: =IF('Resumo por Mês'!$A15="","",'Resumo por Mês'!$O15) | I15: =IF('Resumo por Mês'!$A15="","",'Resumo por Mês'!$P15)
... A39: =IF('Resumo por Mês'!$A39="","",'Resumo por Mês'!$A39) | B39: =IF('Resumo por Mês'!$A39="","",'Resumo por Mês'!$B39) | C39: =IF('Resumo por Mês'!$A39="","",'Resumo por Mês'!$E39) | D39: =IF('Resumo por Mês'!$A39="","",'Resumo por Mês'!$F39) | E39: =IF('Resumo por Mês'!$A39="","",'Resumo por Mês'!$G39) | F39: =IF('Resumo por Mês'!$A39="","",'Resumo por Mês'!$H39) | G39: =IF('Resumo por Mês'!$A39="","",'Resumo por Mês'!$I39) | H39: =IF('Resumo por Mês'!$A39="","",'Resumo por Mês'!$O39) | I39: =IF('Resumo por Mês'!$A39="","",'Resumo por Mês'!$P39)

Sheet Frota e Manutenção
A1: FROTA E MANUTENÇÃO
A2: Situação atual de cada equipamento. Fonte: abas Equipamentos e Manutenções.
A3: Equipamento | B3: Tipo | C3: Situação | D3: Horímetro atual | E3: KM atual | F3: Manutenções no período | G3: Última manutenção
A4: =IF(Equipamentos!$A4="","",Equipamentos!$A4) | B4: =IF(Equipamentos!$A4="","",Equipamentos!$B4) | C4: =IF(Equipamentos!$A4="","",Equipamentos!$D4) | D4: =IF(Equipamentos!$A4="","",Equipamentos!$E4) | E4: =IF(Equipamentos!$A4="","",Equipamentos!$F4) | F4: =IF(Equipamentos!$A4="","",COUNTIFS(Manutenções!$B$4:$B$500,$A4,Manutenções!$A$4:$A$500,">="&Diretoria!$B$4,Manutenções!$A$4:$A$500,"<="&Diretoria!$D$4)) | G4: =IF(Equipamentos!$A4="","",IF(SUMPRODUCT(MAX((Manutenções!$B$4:$B$500=$A4)*(Manutenções!$A$4:$A$500)))=0,"—",SUMPRODUCT(MAX((Manutenções!$B$4:$B$500=$A4)*(Manutenções!$A$4:$A$500)))))
A5: =IF(Equipamentos!$A5="","",Equipamentos!$A5) | B5: =IF(Equipamentos!$A5="","",Equipamentos!$B5) | C5: =IF(Equipamentos!$A5="","",Equipamentos!$D5) | D5: =IF(Equipamentos!$A5="","",Equipamentos!$E5) | E5: =IF(Equipamentos!$A5="","",Equipamentos!$F5) | F5: =IF(Equipamentos!$A5="","",COUNTIFS(Manutenções!$B$4:$B$500,$A5,Manutenções!$A$4:$A$500,">="&Diretoria!$B$4,Manutenções!$A$4:$A$500,"<="&Diretoria!$D$4)) | G5: =IF(Equipamentos!$A5="","",IF(SUMPRODUCT(MAX((Manutenções!$B$4:$B$500=$A5)*(Manutenções!$A$4:$A$500)))=0,"—",SUMPRODUCT(MAX((Manutenções!$B$4:$B$500=$A5)*(Manutenções!$A$4:$A$500)))))
A6: =IF(Equipamentos!$A6="","",Equipamentos!$A6) | B6: =IF(Equipamentos!$A6="","",Equipamentos!$B6) | C6: =IF(Equipamentos!$A6="","",Equipamentos!$D6) | D6: =IF(Equipamentos!$A6="","",Equipamentos!$E6) | E6: =IF(Equipamentos!$A6="","",Equipamentos!$F6) | F6: =IF(Equipamentos!$A6="","",COUNTIFS(Manutenções!$B$4:$B$500,$A6,Manutenções!$A$4:$A$500,">="&Diretoria!$B$4,Manutenções!$A$4:$A$500,"<="&Diretoria!$D$4)) | G6: =IF(Equipamentos!$A6="","",IF(SUMPRODUCT(MAX((Manutenções!$B$4:$B$500=$A6)*(Manutenções!$A$4:$A$500)))=0,"—",SUMPRODUCT(MAX((Manutenções!$B$4:$B$500=$A6)*(Manutenções!$A$4:$A$500)))))
A7: =IF(Equipamentos!$A7="","",Equipamentos!$A7) | B7: =IF(Equipamentos!$A7="","",Equipamentos!$B7) | C7: =IF(Equipamentos!$A7="","",Equipamentos!$D7) | D7: =IF(Equipamentos!$A7="","",Equipamentos!$E7) | E7: =IF(Equipamentos!$A7="","",Equipamentos!$F7) | F7: =IF(Equipamentos!$A7="","",COUNTIFS(Manutenções!$B$4:$B$500,$A7,Manutenções!$A$4:$A$500,">="&Diretoria!$B$4,Manutenções!$A$4:$A$500,"<="&Diretoria!$D$4)) | G7: =IF(Equipamentos!$A7="","",IF(SUMPRODUCT(MAX((Manutenções!$B$4:$B$500=$A7)*(Manutenções!$A$4:$A$500)))=0,"—",SUMPRODUCT(MAX((Manutenções!$B$4:$B$500=$A7)*(Manutenções!$A$4:$A$500)))))
A8: =IF(Equipamentos!$A8="","",Equipamentos!$A8) | B8: =IF(Equipamentos!$A8="","",Equipamentos!$B8) | C8: =IF(Equipamentos!$A8="","",Equipamentos!$D8) | D8: =IF(Equipamentos!$A8="","",Equipamentos!$E8) | E8: =IF(Equipamentos!$A8="","",Equipamentos!$F8) | F8: =IF(Equipamentos!$A8="","",COUNTIFS(Manutenções!$B$4:$B$500,$A8,Manutenções!$A$4:$A$500,">="&Diretoria!$B$4,Manutenções!$A$4:$A$500,"<="&Diretoria!$D$4)) | G8: =IF(Equipamentos!$A8="","",IF(SUMPRODUCT(MAX((Manutenções!$B$4:$B$500=$A8)*(Manutenções!$A$4:$A$500)))=0,"—",SUMPRODUCT(MAX((Manutenções!$B$4:$B$500=$A8)*(Manutenções!$A$4:$A$500)))))
A9: =IF(Equipamentos!$A9="","",Equipamentos!$A9) | B9: =IF(Equipamentos!$A9="","",Equipamentos!$B9) | C9: =IF(Equipamentos!$A9="","",Equipamentos!$D9) | D9: =IF(Equipamentos!$A9="","",Equipamentos!$E9) | E9: =IF(Equipamentos!$A9="","",Equipamentos!$F9) | F9: =IF(Equipamentos!$A9="","",COUNTIFS(Manutenções!$B$4:$B$500,$A9,Manutenções!$A$4:$A$500,">="&Diretoria!$B$4,Manutenções!$A$4:$A$500,"<="&Diretoria!$D$4)) | G9: =IF(Equipamentos!$A9="","",IF(SUMPRODUCT(MAX((Manutenções!$B$4:$B$500=$A9)*(Manutenções!$A$4:$A$500)))=0,"—",SUMPRODUCT(MAX((Manutenções!$B$4:$B$500=$A9)*(Manutenções!$A$4:$A$500)))))
A10: =IF(Equipamentos!$A10="","",Equipamentos!$A10) | B10: =IF(Equipamentos!$A10="","",Equipamentos!$B10) | C10: =IF(Equipamentos!$A10="","",Equipamentos!$D10) | D10: =IF(Equipamentos!$A10="","",Equipamentos!$E10) | E10: =IF(Equipamentos!$A10="","",Equipamentos!$F10) | F10: =IF(Equipamentos!$A10="","",COUNTIFS(Manutenções!$B$4:$B$500,$A10,Manutenções!$A$4:$A$500,">="&Diretoria!$B$4,Manutenções!$A$4:$A$500,"<="&Diretoria!$D$4)) | G10: =IF(Equipamentos!$A10="","",IF(SUMPRODUCT(MAX((Manutenções!$B$4:$B$500=$A10)*(Manutenções!$A$4:$A$500)))=0,"—",SUMPRODUCT(MAX((Manutenções!$B$4:$B$500=$A10)*(Manutenções!$A$4:$A$500)))))
A11: =IF(Equipamentos!$A11="","",Equipamentos!$A11) | B11: =IF(Equipamentos!$A11="","",Equipamentos!$B11) | C11: =IF(Equipamentos!$A11="","",Equipamentos!$D11) | D11: =IF(Equipamentos!$A11="","",Equipamentos!$E11) | E11: =IF(Equipamentos!$A11="","",Equipamentos!$F11) | F11: =IF(Equipamentos!$A11="","",COUNTIFS(Manutenções!$B$4:$B$500,$A11,Manutenções!$A$4:$A$500,">="&Diretoria!$B$4,Manutenções!$A$4:$A$500,"<="&Diretoria!$D$4)) | G11: =IF(Equipamentos!$A11="","",IF(SUMPRODUCT(MAX((Manutenções!$B$4:$B$500=$A11)*(Manutenções!$A$4:$A$500)))=0,"—",SUMPRODUCT(MAX((Manutenções!$B$4:$B$500=$A11)*(Manutenções!$A$4:$A$500)))))
A12: =IF(Equipamentos!$A12="","",Equipamentos!$A12) | B12: =IF(Equipamentos!$A12="","",Equipamentos!$B12) | C12: =IF(Equipamentos!$A12="","",Equipamentos!$D12) | D12: =IF(Equipamentos!$A12="","",Equipamentos!$E12) | E12: =IF(Equipamentos!$A12="","",Equipamentos!$F12) | F12: =IF(Equipamentos!$A12="","",COUNTIFS(Manutenções!$B$4:$B$500,$A12,Manutenções!$A$4:$A$500,">="&Diretoria!$B$4,Manutenções!$A$4:$A$500,"<="&Diretoria!$D$4)) | G12: =IF(Equipamentos!$A12="","",IF(SUMPRODUCT(MAX((Manutenções!$B$4:$B$500=$A12)*(Manutenções!$A$4:$A$500)))=0,"—",SUMPRODUCT(MAX((Manutenções!$B$4:$B$500=$A12)*(Manutenções!$A$4:$A$500)))))
A13: =IF(Equipamentos!$A13="","",Equipamentos!$A13) | B13: =IF(Equipamentos!$A13="","",Equipamentos!$B13) | C13: =IF(Equipamentos!$A13="","",Equipamentos!$D13) | D13: =IF(Equipamentos!$A13="","",Equipamentos!$E13) | E13: =IF(Equipamentos!$A13="","",Equipamentos!$F13) | F13: =IF(Equipamentos!$A13="","",COUNTIFS(Manutenções!$B$4:$B$500,$A13,Manutenções!$A$4:$A$500,">="&Diretoria!$B$4,Manutenções!$A$4:$A$500,"<="&Diretoria!$D$4)) | G13: =IF(Equipamentos!$A13="","",IF(SUMPRODUCT(MAX((Manutenções!$B$4:$B$500=$A13)*(Manutenções!$A$4:$A$500)))=0,"—",SUMPRODUCT(MAX((Manutenções!$B$4:$B$500=$A13)*(Manutenções!$A$4:$A$500)))))
A14: =IF(Equipamentos!$A14="","",Equipamentos!$A14) | B14: =IF(Equipamentos!$A14="","",Equipamentos!$B14) | C14: =IF(Equipamentos!$A14="","",Equipamentos!$D14) | D14: =IF(Equipamentos!$A14="","",Equipamentos!$E14) | E14: =IF(Equipamentos!$A14="","",Equipamentos!$F14) | F14: =IF(Equipamentos!$A14="","",COUNTIFS(Manutenções!$B$4:$B$500,$A14,Manutenções!$A$4:$A$500,">="&Diretoria!$B$4,Manutenções!$A$4:$A$500,"<="&Diretoria!$D$4)) | G14: =IF(Equipamentos!$A14="","",IF(SUMPRODUCT(MAX((Manutenções!$B$4:$B$500=$A14)*(Manutenções!$A$4:$A$500)))=0,"—",SUMPRODUCT(MAX((Manutenções!$B$4:$B$500=$A14)*(Manutenções!$A$4:$A$500)))))
A15: =IF(Equipamentos!$A15="","",Equipamentos!$A15) | B15: =IF(Equipamentos!$A15="","",Equipamentos!$B15) | C15: =IF(Equipamentos!$A15="","",Equipamentos!$D15) | D15: =IF(Equipamentos!$A15="","",Equipamentos!$E15) | E15: =IF(Equipamentos!$A15="","",Equipamentos!$F15) | F15: =IF(Equipamentos!$A15="","",COUNTIFS(Manutenções!$B$4:$B$500,$A15,Manutenções!$A$4:$A$500,">="&Diretoria!$B$4,Manutenções!$A$4:$A$500,"<="&Diretoria!$D$4)) | G15: =IF(Equipamentos!$A15="","",IF(SUMPRODUCT(MAX((Manutenções!$B$4:$B$500=$A15)*(Manutenções!$A$4:$A$500)))=0,"—",SUMPRODUCT(MAX((Manutenções!$B$4:$B$500=$A15)*(Manutenções!$A$4:$A$500)))))
... A33: =IF(Equipamentos!$A33="","",Equipamentos!$A33) | B33: =IF(Equipamentos!$A33="","",Equipamentos!$B33) | C33: =IF(Equipamentos!$A33="","",Equipamentos!$D33) | D33: =IF(Equipamentos!$A33="","",Equipamentos!$E33) | E33: =IF(Equipamentos!$A33="","",Equipamentos!$F33) | F33: =IF(Equipamentos!$A33="","",COUNTIFS(Manutenções!$B$4:$B$500,$A33,Manutenções!$A$4:$A$500,">="&Diretoria!$B$4,Manutenções!$A$4:$A$500,"<="&Diretoria!$D$4)) | G33: =IF(Equipamentos!$A33="","",IF(SUMPRODUCT(MAX((Manutenções!$B$4:$B$500=$A33)*(Manutenções!$A$4:$A$500)))=0,"—",SUMPRODUCT(MAX((Manutenções!$B$4:$B$500=$A33)*(Manutenções!$A$4:$A$500)))))
A35: MANUTENÇÕES REGISTRADAS
A36: Data | B36: Equipamento | C36: Responsável | D36: Tipo | E36: Serviço realizado | F36: Peças/Trocas | G36: Observação
A37: =IF(Manutenções!$A4="","",Manutenções!$A4) | B37: =IF(Manutenções!$A4="","",Manutenções!$B4) | C37: =IF(Manutenções!$A4="","",Manutenções!$C4) | D37: =IF(Manutenções!$A4="","",Manutenções!$F4) | E37: =IF(Manutenções!$A4="","",Manutenções!$G4) | F37: =IF(Manutenções!$A4="","",Manutenções!$H4) | G37: =IF(Manutenções!$A4="","",Manutenções!$I4)
A38: =IF(Manutenções!$A5="","",Manutenções!$A5) | B38: =IF(Manutenções!$A5="","",Manutenções!$B5) | C38: =IF(Manutenções!$A5="","",Manutenções!$C5) | D38: =IF(Manutenções!$A5="","",Manutenções!$F5) | E38: =IF(Manutenções!$A5="","",Manutenções!$G5) | F38: =IF(Manutenções!$A5="","",Manutenções!$H5) | G38: =IF(Manutenções!$A5="","",Manutenções!$I5)
A39: =IF(Manutenções!$A6="","",Manutenções!$A6) | B39: =IF(Manutenções!$A6="","",Manutenções!$B6) | C39: =IF(Manutenções!$A6="","",Manutenções!$C6) | D39: =IF(Manutenções!$A6="","",Manutenções!$F6) | E39: =IF(Manutenções!$A6="","",Manutenções!$G6) | F39: =IF(Manutenções!$A6="","",Manutenções!$H6) | G39: =IF(Manutenções!$A6="","",Manutenções!$I6)
A40: =IF(Manutenções!$A7="","",Manutenções!$A7) | B40: =IF(Manutenções!$A7="","",Manutenções!$B7) | C40: =IF(Manutenções!$A7="","",Manutenções!$C7) | D40: =IF(Manutenções!$A7="","",Manutenções!$F7) | E40: =IF(Manutenções!$A7="","",Manutenções!$G7) | F40: =IF(Manutenções!$A7="","",Manutenções!$H7) | G40: =IF(Manutenções!$A7="","",Manutenções!$I7)
A41: =IF(Manutenções!$A8="","",Manutenções!$A8) | B41: =IF(Manutenções!$A8="","",Manutenções!$B8) | C41: =IF(Manutenções!$A8="","",Manutenções!$C8) | D41: =IF(Manutenções!$A8="","",Manutenções!$F8) | E41: =IF(Manutenções!$A8="","",Manutenções!$G8) | F41: =IF(Manutenções!$A8="","",Manutenções!$H8) | G41: =IF(Manutenções!$A8="","",Manutenções!$I8)
A42: =IF(Manutenções!$A9="","",Manutenções!$A9) | B42: =IF(Manutenções!$A9="","",Manutenções!$B9) | C42: =IF(Manutenções!$A9="","",Manutenções!$C9) | D42: =IF(Manutenções!$A9="","",Manutenções!$F9) | E42: =IF(Manutenções!$A9="","",Manutenções!$G9) | F42: =IF(Manutenções!$A9="","",Manutenções!$H9) | G42: =IF(Manutenções!$A9="","",Manutenções!$I9)
A43: =IF(Manutenções!$A10="","",Manutenções!$A10) | B43: =IF(Manutenções!$A10="","",Manutenções!$B10) | C43: =IF(Manutenções!$A10="","",Manutenções!$C10) | D43: =IF(Manutenções!$A10="","",Manutenções!$F10) | E43: =IF(Manutenções!$A10="","",Manutenções!$G10) | F43: =IF(Manutenções!$A10="","",Manutenções!$H10) | G43: =IF(Manutenções!$A10="","",Manutenções!$I10)
A44: =IF(Manutenções!$A11="","",Manutenções!$A11) | B44: =IF(Manutenções!$A11="","",Manutenções!$B11) | C44: =IF(Manutenções!$A11="","",Manutenções!$C11) | D44: =IF(Manutenções!$A11="","",Manutenções!$F11) | E44: =IF(Manutenções!$A11="","",Manutenções!$G11) | F44: =IF(Manutenções!$A11="","",Manutenções!$H11) | G44: =IF(Manutenções!$A11="","",Manutenções!$I11)
A45: =IF(Manutenções!$A12="","",Manutenções!$A12) | B45: =IF(Manutenções!$A12="","",Manutenções!$B12) | C45: =IF(Manutenções!$A12="","",Manutenções!$C12) | D45: =IF(Manutenções!$A12="","",Manutenções!$F12) | E45: =IF(Manutenções!$A12="","",Manutenções!$G12) | F45: =IF(Manutenções!$A12="","",Manutenções!$H12) | G45: =IF(Manutenções!$A12="","",Manutenções!$I12)
A46: =IF(Manutenções!$A13="","",Manutenções!$A13) | B46: =IF(Manutenções!$A13="","",Manutenções!$B13) | C46: =IF(Manutenções!$A13="","",Manutenções!$C13) | D46: =IF(Manutenções!$A13="","",Manutenções!$F13) | E46: =IF(Manutenções!$A13="","",Manutenções!$G13) | F46: =IF(Manutenções!$A13="","",Manutenções!$H13) | G46: =IF(Manutenções!$A13="","",Manutenções!$I13)
A47: =IF(Manutenções!$A14="","",Manutenções!$A14) | B47: =IF(Manutenções!$A14="","",Manutenções!$B14) | C47: =IF(Manutenções!$A14="","",Manutenções!$C14) | D47: =IF(Manutenções!$A14="","",Manutenções!$F14) | E47: =IF(Manutenções!$A14="","",Manutenções!$G14) | F47: =IF(Manutenções!$A14="","",Manutenções!$H14) | G47: =IF(Manutenções!$A14="","",Manutenções!$I14)
A48: =IF(Manutenções!$A15="","",Manutenções!$A15) | B48: =IF(Manutenções!$A15="","",Manutenções!$B15) | C48: =IF(Manutenções!$A15="","",Manutenções!$C15) | D48: =IF(Manutenções!$A15="","",Manutenções!$F15) | E48: =IF(Manutenções!$A15="","",Manutenções!$G15) | F48: =IF(Manutenções!$A15="","",Manutenções!$H15) | G48: =IF(Manutenções!$A15="","",Manutenções!$I15)
... A96: =IF(Manutenções!$A63="","",Manutenções!$A63) | B96: =IF(Manutenções!$A63="","",Manutenções!$B63) | C96: =IF(Manutenções!$A63="","",Manutenções!$C63) | D96: =IF(Manutenções!$A63="","",Manutenções!$F63) | E96: =IF(Manutenções!$A63="","",Manutenções!$G63) | F96: =IF(Manutenções!$A63="","",Manutenções!$H63) | G96: =IF(Manutenções!$A63="","",Manutenções!$I63)

Sheet Resumo por Dia
A1: Resumo por Dia
A2: Preenchido automaticamente pelo app GP2T — não edite à mão.
A3: Data | B3: Equipamentos | C3: Operadores | D3: Consumo total (L) | E3: Horas totais | F3: L/h | G3: Produção (t) | H3: L/Ton | I3: Diesel S-10 (L) | J3: Diesel S-500 (L) | K3: ARLA (L) | L3: KM | M3: Média km/L | N3: Viagens | O3: Manutenções | P3: Quais equipamentos | Q3: Quais operadores
A4: 46238 | B4: 8 | C4: 5 | D4: 1033 | E4: 67.3 | F4: 15.35 | G4: 1028 | H4: 1 | I4: 930 | J4: 103 | K4: 7 | L4: 1021 | M4: 0.99 | N4: 34 | O4: 0 | P4: CB-01, CB-11, CB-17, CB-22, MG-01, PC-01, PC-02, RD-01 | Q4: Antônio, Carlos, José, Marcos, Saulo
A5: 46239 | B5: 8 | C5: 5 | D5: 1098 | E5: 71.5 | F5: 15.36 | G5: 942 | H5: 1.17 | I5: 1003 | J5: 95 | K5: 8 | L5: 992 | M5: 0.9 | N5: 32 | O5: 0 | P5: CB-01, CB-11, CB-17, CB-22, MG-01, PC-01, PC-02, RD-01 | Q5: Antônio, Carlos, José, Marcos, Saulo
A6: 46240 | B6: 8 | C6: 5 | D6: 1145 | E6: 74.1 | F6: 15.45 | G6: 1014 | H6: 1.13 | I6: 1045 | J6: 100 | K6: 7 | L6: 1103 | M6: 0.96 | N6: 35 | O6: 0 | P6: CB-01, CB-11, CB-17, CB-22, MG-01, PC-01, PC-02, RD-01 | Q6: Antônio, Carlos, José, Marcos, Saulo
A7: 46241 | B7: 8 | C7: 5 | D7: 1269 | E7: 71.2 | F7: 17.82 | G7: 1306 | H7: 0.97 | I7: 1113 | J7: 156 | K7: 12 | L7: 1338 | M7: 1.05 | N7: 43 | O7: 0 | P7: CB-01, CB-11, CB-17, CB-22, MG-01, PC-01, PC-02, RD-01 | Q7: Antônio, Carlos, José, Marcos, Saulo
A8: 46242 | B8: 8 | C8: 5 | D8: 1003 | E8: 69.9 | F8: 14.35 | G8: 844 | H8: 1.19 | I8: 936 | J8: 67 | K8: 10 | L8: 923 | M8: 0.92 | N8: 28 | O8: 0 | P8: CB-01, CB-11, CB-17, CB-22, MG-01, PC-01, PC-02, RD-01 | Q8: Antônio, Carlos, José, Marcos, Saulo
A9: 46244 | B9: 8 | C9: 5 | D9: 1264 | E9: 73.8 | F9: 17.13 | G9: 1184 | H9: 1.07 | I9: 1176 | J9: 88 | K9: 11 | L9: 1235 | M9: 0.98 | N9: 41 | O9: 0 | P9: CB-01, CB-11, CB-17, CB-22, MG-01, PC-01, PC-02, RD-01 | Q9: Antônio, Carlos, José, Marcos, Saulo
A10: 46245 | B10: 7 | C10: 5 | D10: 942 | E10: 62.1 | F10: 15.17 | G10: 992 | H10: 0.95 | I10: 867 | J10: 75 | K10: 8 | L10: 1042 | M10: 1.11 | N10: 32 | O10: 1 | P10: CB-01, CB-11, CB-17, CB-22, PC-01, PC-02, RD-01 | Q10: Antônio, Carlos, José, Marcos, Saulo
A11: 46246 | B11: 8 | C11: 5 | D11: 1257 | E11: 70.5 | F11: 17.83 | G11: 1204 | H11: 1.04 | I11: 1108 | J11: 149 | K11: 13 | L11: 1300 | M11: 1.03 | N11: 40 | O11: 0 | P11: CB-01, CB-11, CB-17, CB-22, MG-01, PC-01, PC-02, RD-01 | Q11: Antônio, Carlos, José, Marcos, Saulo
A12: 46247 | B12: 8 | C12: 5 | D12: 1163 | E12: 73.2 | F12: 15.89 | G12: 1030 | H12: 1.13 | I12: 1006 | J12: 157 | K12: 12 | L12: 1104 | M12: 0.95 | N12: 35 | O12: 0 | P12: CB-01, CB-11, CB-17, CB-22, MG-01, PC-01, PC-02, RD-01 | Q12: Antônio, Carlos, José, Marcos, Saulo
A13: 46248 | B13: 8 | C13: 5 | D13: 1154 | E13: 73.4 | F13: 15.72 | G13: 1064 | H13: 1.08 | I13: 1036 | J13: 118 | K13: 9 | L13: 1094 | M13: 0.95 | N13: 35 | O13: 0 | P13: CB-01, CB-11, CB-17, CB-22, MG-01, PC-01, PC-02, RD-01 | Q13: Antônio, Carlos, José, Marcos, Saulo
A14: 46249 | B14: 8 | C14: 5 | D14: 1122 | E14: 73.4 | F14: 15.29 | G14: 912 | H14: 1.23 | I14: 953 | J14: 169 | K14: 11 | L14: 967 | M14: 0.86 | N14: 31 | O14: 0 | P14: CB-01, CB-11, CB-17, CB-22, MG-01, PC-01, PC-02, RD-01 | Q14: Antônio, Carlos, José, Marcos, Saulo
A15: 46251 | B15: 8 | C15: 5 | D15: 1115 | E15: 70.9 | F15: 15.73 | G15: 1010 | H15: 1.1 | I15: 955 | J15: 160 | K15: 10 | L15: 1045 | M15: 0.94 | N15: 34 | O15: 0 | P15: CB-01, CB-11, CB-17, CB-22, MG-01, PC-01, PC-02, RD-01 | Q15: Antônio, Carlos, José, Marcos, Saulo
... A29: 46267 | B29: 8 | C29: 5 | D29: 1049 | E29: 71.1 | F29: 14.75 | G29: 904 | H29: 1.16 | I29: 881 | J29: 168 | K29: 9 | L29: 939 | M29: 0.9 | N29: 29 | O29: 0 | P29: CB-01, CB-11, CB-17, CB-22, MG-01, PC-01, PC-02, RD-01 | Q29: Antônio, Carlos, José, Marcos, Saulo

Sheet Resumo por Equipamento
A1: Resumo por Equipamento
A2: Preenchido automaticamente pelo app GP2T — não edite à mão.
A3: Data | B3: Equipamento | C3: Consumo (L) | D3: Horas | E3: L/h | F3: Produção (t) | G3: L/Ton | H3: KM | I3: Média km/L | J3: Viagens
A4: 46238 | B4: CB-01 | C4: 103 | D4: 8.5 | E4: 12.12 | F4: 210 | G4: 0.49 | H4: 207 | I4: 2.01 | J4: 7
A5: 46238 | B5: CB-11 | C5: 145 | D5: 9.1 | E5: 15.93 | F5: 320 | G5: 0.45 | H5: 305 | I5: 2.1 | J5: 10
A6: 46238 | B6: CB-17 | C6: 150 | D6: 7.6 | E6: 19.74 | F6: 330 | G6: 0.45 | H6: 302 | I6: 2.01 | J6: 11
A7: 46238 | B7: CB-22 | C7: 137 | D7: 8.8 | E7: 15.57 | F7: 168 | G7: 0.82 | H7: 207 | I7: 1.51 | J7: 6
A8: 46238 | B8: MG-01 | C8: 106 | D8: 8.8 | E8: 12.05 | F8: 0 | G8: 0 | H8: 0 | I8: 0 | J8: 0
A9: 46238 | B9: PC-01 | C9: 148 | D9: 7.7 | E9: 19.22 | F9: 0 | G9: 0 | H9: 0 | I9: 0 | J9: 0
A10: 46238 | B10: PC-02 | C10: 139 | D10: 7.6 | E10: 18.29 | F10: 0 | G10: 0 | H10: 0 | I10: 0 | J10: 0
A11: 46238 | B11: RD-01 | C11: 105 | D11: 9.2 | E11: 11.41 | F11: 0 | G11: 0 | H11: 0 | I11: 0 | J11: 0
A12: 46239 | B12: CB-01 | C12: 95 | D12: 9.2 | E12: 10.33 | F12: 196 | G12: 0.48 | H12: 202 | I12: 2.13 | J12: 7
A13: 46239 | B13: CB-11 | C13: 87 | D13: 8.6 | E13: 10.12 | F13: 192 | G13: 0.45 | H13: 177 | I13: 2.03 | J13: 6
A14: 46239 | B14: CB-17 | C14: 158 | D14: 9.5 | E14: 16.63 | F14: 330 | G14: 0.48 | H14: 346 | I14: 2.19 | J14: 11
A15: 46239 | B15: CB-22 | C15: 183 | D15: 8.6 | E15: 21.28 | F15: 224 | G15: 0.82 | H15: 267 | I15: 1.46 | J15: 8
... A207: 46267 | B207: RD-01 | C207: 91 | D207: 7.8 | E207: 11.67 | F207: 0 | G207: 0 | H207: 0 | I207: 0 | J207: 0

Sheet Resumo por Operador
A1: Resumo por Operador
A2: Preenchido automaticamente pelo app GP2T — não edite à mão.
A3: Data | B3: Operador | C3: Equipamentos | D3: Consumo (L) | E3: Horas | F3: L/h | G3: Produção (t) | H3: L/Ton | I3: Viagens
A4: 46238 | B4: Antônio | C4: CB-11, RD-01 | D4: 250 | E4: 18.3 | F4: 13.66 | G4: 320 | H4: 0.78 | I4: 10
A5: 46238 | B5: Carlos | C5: CB-01, PC-02 | D5: 242 | E5: 16.1 | F5: 15.03 | G5: 210 | H5: 1.15 | I5: 7
A6: 46238 | B6: José | C6: PC-01 | D6: 148 | E6: 7.7 | F6: 19.22 | G6: 0 | H6: 0 | I6: 0
A7: 46238 | B7: Marcos | C7: CB-17, MG-01 | D7: 256 | E7: 16.4 | F7: 15.61 | G7: 330 | H7: 0.78 | I7: 11
A8: 46238 | B8: Saulo | C8: CB-22 | D8: 137 | E8: 8.8 | F8: 15.57 | G8: 168 | H8: 0.82 | I8: 6
A9: 46239 | B9: Antônio | C9: CB-01, PC-02 | D9: 293 | E9: 19.3 | F9: 15.18 | G9: 196 | H9: 1.49 | I9: 7
A10: 46239 | B10: Carlos | C10: PC-01 | D10: 175 | E10: 9.2 | F10: 19.02 | G10: 0 | H10: 0 | I10: 0
A11: 46239 | B11: José | C11: CB-22 | D11: 183 | E11: 8.6 | F11: 21.28 | G11: 224 | H11: 0.82 | I11: 8
A12: 46239 | B12: Marcos | C12: CB-11, RD-01 | D12: 195 | E12: 17 | F12: 11.47 | G12: 192 | H12: 1.02 | I12: 6
A13: 46239 | B13: Saulo | C13: CB-17, MG-01 | D13: 252 | E13: 17.4 | F13: 14.48 | G13: 330 | H13: 0.76 | I13: 11
A14: 46240 | B14: Antônio | C14: PC-01 | D14: 179 | E14: 9.2 | F14: 19.46 | G14: 0 | H14: 0 | I14: 0
A15: 46240 | B15: Carlos | C15: CB-22 | D15: 138 | E15: 8.9 | F15: 15.51 | G15: 168 | H15: 0.82 | I15: 6
... A131: 46267 | B131: Saulo | C131: PC-01 | D131: 179 | E131: 9.4 | F131: 19.04 | G131: 0 | H131: 0 | I131: 0

Sheet Resumo por Mês
A1: Resumo por Mês
A2: Preenchido automaticamente pelo app GP2T — não edite à mão.
A3: Mês | B3: Dias com lançamento | C3: Equipamentos | D3: Operadores | E3: Consumo total (L) | F3: Horas totais | G3: L/h | H3: Produção (t) | I3: L/Ton | J3: Diesel S-10 (L) | K3: Diesel S-500 (L) | L3: ARLA (L) | M3: KM | N3: Média km/L | O3: Viagens | P3: Manutenções | Q3: Quais equipamentos | R3: Quais operadores | S3: _id
A4: Agosto/2026 | B4: 24 | C4: 8 | D4: 5 | E4: 26098 | F4: 1689.1 | G4: 15.45 | H4: 23614 | I4: 1.11 | J4: 23164 | K4: 2934 | L4: 222 | M4: 24845 | N4: 0.95 | O4: 791 | P4: 4 | Q4: CB-01, CB-11, CB-17, CB-22, MG-01, PC-01, PC-02, RD-01 | R4: Antônio, Carlos, José, Marcos, Saulo | S4: 2026-08
A5: Setembro/2026 | B5: 2 | C5: 8 | D5: 5 | E5: 2261 | F5: 144.6 | G5: 15.64 | H5: 2008 | I5: 1.13 | J5: 1981 | K5: 280 | L5: 21 | M5: 2156 | N5: 0.95 | O5: 67 | P5: 0 | Q5: CB-01, CB-11, CB-17, CB-22, MG-01, PC-01, PC-02, RD-01 | R5: Antônio, Carlos, José, Marcos, Saulo | S5: 2026-09

Sheet Abastecimentos
A1: Abastecimentos
A2: Preenchido automaticamente pelo app GP2T — não edite à mão.
A3: Data | B3: Equipamento | C3: Operador | D3: Horímetro Inicial | E3: Horímetro Final | F3: Horas | G3: Litros | H3: Combustível | I3: ARLA (L) | J3: KM Rodado | K3: Média | L3: Unidade | M3: Toneladas | N3: L/Ton | O3: Situação | P3: _id
A4: 46238 | B4: CB-01 | C4: Carlos | D4: 1000 | E4: 1008.5 | F4: 8.5 | G4: 103 | H4: S-500 | I4: 3 | J4: 207 | K4: 2.01 | L4: km/L | M4: 210 | N4: 0.49 | O4: Continua em operação | P4: EX-A0001
A5: 46238 | B5: CB-11 | C5: Antônio | D5: 1130 | E5: 1139.1 | F5: 9.1 | G5: 145 | H5: S-10 | I5: 0 | J5: 305 | K5: 2.1 | L5: km/L | M5: 320 | N5: 0.45 | O5: Continua em operação | P5: EX-A0002
A6: 46238 | B6: CB-17 | C6: Marcos | D6: 1260 | E6: 1267.6 | F6: 7.6 | G6: 150 | H6: S-10 | I6: 0 | J6: 302 | K6: 2.01 | L6: km/L | M6: 330 | N6: 0.45 | O6: Continua em operação | P6: EX-A0003
A7: 46238 | B7: CB-22 | C7: Saulo | D7: 1390 | E7: 1398.8 | F7: 8.8 | G7: 137 | H7: S-10 | I7: 4 | J7: 207 | K7: 1.51 | L7: km/L | M7: 168 | N7: 0.82 | O7: Continua em operação | P7: EX-A0004
A8: 46238 | B8: PC-01 | C8: José | D8: 1520 | E8: 1527.7 | F8: 7.7 | G8: 148 | H8: S-10 | I8: 0 | J8: 0 | K8: 19.22 | L8: L/h | O8: Continua em operação | P8: EX-A0005
A9: 46238 | B9: PC-02 | C9: Carlos | D9: 1650 | E9: 1657.6 | F9: 7.6 | G9: 139 | H9: S-10 | I9: 0 | J9: 0 | K9: 18.29 | L9: L/h | O9: Continua em operação | P9: EX-A0006
A10: 46238 | B10: RD-01 | C10: Antônio | D10: 1780 | E10: 1789.2 | F10: 9.2 | G10: 105 | H10: S-10 | I10: 0 | J10: 0 | K10: 11.41 | L10: L/h | O10: Continua em operação | P10: EX-A0007
A11: 46238 | B11: MG-01 | C11: Marcos | D11: 1910 | E11: 1918.8 | F11: 8.8 | G11: 106 | H11: S-10 | I11: 0 | J11: 0 | K11: 12.05 | L11: L/h | O11: Continua em operação | P11: EX-A0008
A12: 46239 | B12: CB-01 | C12: Antônio | D12: 1008.5 | E12: 1017.7 | F12: 9.2 | G12: 95 | H12: S-500 | I12: 3 | J12: 202 | K12: 2.13 | L12: km/L | M12: 196 | N12: 0.48 | O12: Continua em operação | P12: EX-A0009
A13: 46239 | B13: CB-11 | C13: Marcos | D13: 1139.1 | E13: 1147.7 | F13: 8.6 | G13: 87 | H13: S-10 | I13: 0 | J13: 177 | K13: 2.03 | L13: km/L | M13: 192 | N13: 0.45 | O13: Continua em operação | P13: EX-A0010
A14: 46239 | B14: CB-17 | C14: Saulo | D14: 1267.6 | E14: 1277.1 | F14: 9.5 | G14: 158 | H14: S-10 | I14: 0 | J14: 346 | K14: 2.19 | L14: km/L | M14: 330 | N14: 0.48 | O14: Continua em operação | P14: EX-A0011
A15: 46239 | B15: CB-22 | C15: José | D15: 1398.8 | E15: 1407.4 | F15: 8.6 | G15: 183 | H15: S-10 | I15: 5 | J15: 267 | K15: 1.46 | L15: km/L | M15: 224 | N15: 0.82 | O15: Continua em operação | P15: EX-A0012
A16: 46239 | B16: PC-01 | C16: Carlos | D16: 1527.7 | E16: 1536.9 | F16: 9.2 | G16: 175 | H16: S-10 | I16: 0 | J16: 0 | K16: 19.02 | L16: L/h | O16: Continua em operação | P16: EX-A0013
A17: 46239 | B17: PC-02 | C17: Antônio | D17: 1657.6 | E17: 1667.7 | F17: 10.1 | G17: 198 | H17: S-10 | I17: 0 | J17: 0 | K17: 19.6 | L17: L/h | O17: Continua em operação | P17: EX-A0014
A18: 46239 | B18: RD-01 | C18: Marcos | D18: 1789.2 | E18: 1797.6 | F18: 8.4 | G18: 108 | H18: S-10 | I18: 0 | J18: 0 | K18: 12.86 | L18: L/h | O18: Continua em operação | P18: EX-A0015
A19: 46239 | B19: MG-01 | C19: Saulo | D19: 1918.8 | E19: 1926.7 | F19: 7.9 | G19: 94 | H19: S-10 | I19: 0 | J19: 0 | K19: 11.9 | L19: L/h | O19: Continua em operação | P19: EX-A0016
A20: 46240 | B20: CB-01 | C20: Marcos | D20: 1017.7 | E20: 1027.5 | F20: 9.8 | G20: 100 | H20: S-500 | I20: 3 | J20: 220 | K20: 2.2 | L20: km/L | M20: 210 | N20: 0.48 | O20: Continua em operação | P20: EX-A0017
A21: 46240 | B21: CB-11 | C21: Saulo | D21: 1147.7 | E21: 1155.4 | F21: 7.7 | G21: 147 | H21: S-10 | I21: 0 | J21: 312 | K21: 2.12 | L21: km/L | M21: 300 | N21: 0.49 | O21: Continua em operação | P21: EX-A0018
A22: 46240 | B22: CB-17 | C22: José | D22: 1277.1 | E22: 1286.3 | F22: 9.2 | G22: 168 | H22: S-10 | I22: 0 | J22: 368 | K22: 2.19 | L22: km/L | M22: 336 | N22: 0.5 | O22: Continua em operação | P22: EX-A0019
A23: 46240 | B23: CB-22 | C23: Carlos | D23: 1407.4 | E23: 1416.3 | F23: 8.9 | G23: 138 | H23: S-10 | I23: 4 | J23: 203 | K23: 1.47 | L23: km/L | M23: 168 | N23: 0.82 | O23: Continua em operação | P23: EX-A0020
A24: 46240 | B24: PC-01 | C24: Antônio | D24: 1536.9 | E24: 1546.1 | F24: 9.2 | G24: 179 | H24: S-10 | I24: 0 | J24: 0 | K24: 19.46 | L24: L/h | O24: Continua em operação | P24: EX-A0021
A25: 46240 | B25: PC-02 | C25: Marcos | D25: 1667.7 | E25: 1676.5 | F25: 8.8 | G25: 172 | H25: S-10 | I25: 0 | J25: 0 | K25: 19.55 | L25: L/h | O25: Continua em operação | P25: EX-A0022
A26: 46240 | B26: RD-01 | C26: Saulo | D26: 1797.6 | E26: 1807.8 | F26: 10.2 | G26: 120 | H26: S-10 | I26: 0 | J26: 0 | K26: 11.76 | L26: L/h | O26: Continua em operação | P26: EX-A0023
A27: 46240 | B27: MG-01 | C27: José | D27: 1926.7 | E27: 1937 | F27: 10.3 | G27: 121 | H27: S-10 | I27: 0 | J27: 0 | K27: 11.75 | L27: L/h | O27: Continua em operação | P27: EX-A0024
A28: 46241 | B28: CB-01 | C28: Saulo | D28: 1027.5 | E28: 1036.8 | F28: 9.3 | G28: 156 | H28: S-500 | I28: 5 | J28: 321 | K28: 2.06 | L28: km/L | M28: 336 | N28: 0.46 | O28: Continua em operação | P28: EX-A0025
A29: 46241 | B29: CB-11 | C29: José | D29: 1155.4 | E29: 1165.1 | F29: 9.7 | G29: 166 | H29: S-10 | I29: 0 | J29: 348 | K29: 2.1 | L29: km/L | M29: 330 | N29: 0.5 | O29: Continua em operação | P29: EX-A0026
A30: 46241 | B30: CB-17 | C30: Carlos | D30: 1286.3 | E30: 1294.3 | F30: 8 | G30: 164 | H30: S-10 | I30: 0 | J30: 332 | K30: 2.02 | L30: km/L | M30: 352 | N30: 0.47 | O30: Continua em operação | P30: EX-A0027
A31: 46241 | B31: CB-22 | C31: Antônio | D31: 1416.3 | E31: 1425.1 | F31: 8.8 | G31: 228 | H31: S-10 | I31: 7 | J31: 337 | K31: 1.48 | L31: km/L | M31: 288 | N31: 0.79 | O31: Continua em operação | P31: EX-A0028
A32: 46241 | B32: PC-01 | C32: Marcos | D32: 1546.1 | E32: 1556.3 | F32: 10.2 | G32: 206 | H32: S-10 | I32: 0 | J32: 0 | K32: 20.2 | L32: L/h | O32: Continua em operação | P32: EX-A0029
A33: 46241 | B33: PC-02 | C33: Saulo | D33: 1676.5 | E33: 1684.5 | F33: 8 | G33: 145 | H33: S-10 | I33: 0 | J33: 0 | K33: 18.12 | L33: L/h | O33: Continua em operação | P33: EX-A0030
A34: 46241 | B34: RD-01 | C34: José | D34: 1807.8 | E34: 1816 | F34: 8.2 | G34: 95 | H34: S-10 | I34: 0 | J34: 0 | K34: 11.59 | L34: L/h | O34: Continua em operação | P34: EX-A0031
A35: 46241 | B35: MG-01 | C35: Carlos | D35: 1937 | E35: 1946 | F35: 9 | G35: 109 | H35: S-10 | I35: 0 | J35: 0 | K35: 12.11 | L35: L/h | O35: Continua em operação | P35: EX-A0032
A36: 46242 | B36: CB-01 | C36: José | D36: 1036.8 | E36: 1045.1 | F36: 8.3 | G36: 67 | H36: S-500 | I36: 2 | J36: 139 | K36: 2.07 | L36: km/L | M36: 140 | N36: 0.48 | O36: Continua em operação | P36: EX-A0033
A37: 46242 | B37: CB-11 | C37: Carlos | D37: 1165.1 | E37: 1174.3 | F37: 9.2 | G37: 112 | H37: S-10 | I37: 0 | J37: 246 | K37: 2.2 | L37: km/L | M37: 224 | N37: 0.5 | O37: Continua em operação | P37: EX-A0034
A38: 46242 | B38: CB-17 | C38: Antônio | D38: 1294.3 | E38: 1303.8 | F38: 9.5 | G38: 75 | H38: S-10 | I38: 0 | J38: 162 | K38: 2.16 | L38: km/L | M38: 150 | N38: 0.5 | O38: Continua em operação | P38: EX-A0035
A39: 46242 | B39: CB-22 | C39: Marcos | D39: 1425.1 | E39: 1435.2 | F39: 10.1 | G39: 261 | H39: S-10 | I39: 8 | J39: 376 | K39: 1.44 | L39: km/L | M39: 330 | N39: 0.79 | O39: Continua em operação | P39: EX-A0036
A40: 46242 | B40: PC-01 | C40: Saulo | D40: 1556.3 | E40: 1565.7 | F40: 9.4 | G40: 168 | H40: S-10 | I40: 0 | J40: 0 | K40: 17.87 | L40: L/h | O40: Continua em operação | P40: EX-A0037
A41: 46242 | B41: PC-02 | C41: José | D41: 1684.5 | E41: 1692.2 | F41: 7.7 | G41: 140 | H41: S-10 | I41: 0 | J41: 0 | K41: 18.18 | L41: L/h | O41: Continua em operação | P41: EX-A0038
A42: 46242 | B42: RD-01 | C42: Carlos | D42: 1816 | E42: 1824 | F42: 8 | G42: 94 | H42: S-10 | I42: 0 | J42: 0 | K42: 11.75 | L42: L/h | O42: Continua em operação | P42: EX-A0039
A43: 46242 | B43: MG-01 | C43: Antônio | D43: 1946 | E43: 1953.7 | F43: 7.7 | G43: 86 | H43: S-10 | I43: 0 | J43: 0 | K43: 11.17 | L43: L/h | O43: Continua em operação | P43: EX-A0040
A44: 46244 | B44: CB-01 | C44: Antônio | D44: 1045.1 | E44: 1053.1 | F44: 8 | G44: 88 | H44: S-500 | I44: 3 | J44: 177 | K44: 2.01 | L44: km/L | M44: 180 | N44: 0.49 | O44: Continua em operação | P44: EX-A0041
A45: 46244 | B45: CB-11 | C45: Marcos | D45: 1174.3 | E45: 1182.4 | F45: 8.1 | G45: 150 | H45: S-10 | I45: 0 | J45: 329 | K45: 2.19 | L45: km/L | M45: 308 | N45: 0.49 | O45: Continua em operação | P45: EX-A0042
A46: 46244 | B46: CB-17 | C46: Saulo | D46: 1303.8 | E46: 1313.1 | F46: 9.3 | G46: 154 | H46: S-10 | I46: 0 | J46: 323 | K46: 2.1 | L46: km/L | M46: 336 | N46: 0.46 | O46: Continua em operação | P46: EX-A0043
A47: 46244 | B47: CB-22 | C47: José | D47: 1435.2 | E47: 1445.6 | F47: 10.4 | G47: 281 | H47: S-10 | I47: 8 | J47: 406 | K47: 1.44 | L47: km/L | M47: 360 | N47: 0.78 | O47: Continua em operação | P47: EX-A0044
A48: 46244 | B48: PC-01 | C48: Carlos | D48: 1565.7 | E48: 1575.4 | F48: 9.7 | G48: 191 | H48: S-10 | I48: 0 | J48: 0 | K48: 19.69 | L48: L/h | O48: Continua em operação | P48: EX-A0045
A49: 46244 | B49: PC-02 | C49: Antônio | D49: 1692.2 | E49: 1701.1 | F49: 8.9 | G49: 174 | H49: S-10 | I49: 0 | J49: 0 | K49: 19.55 | L49: L/h | O49: Continua em operação | P49: EX-A0046
A50: 46244 | B50: RD-01 | C50: Marcos | D50: 1824 | E50: 1833 | F50: 9 | G50: 104 | H50: S-10 | I50: 0 | J50: 0 | K50: 11.56 | L50: L/h | O50: Continua em operação | P50: EX-A0047
A51: 46244 | B51: MG-01 | C51: Saulo | D51: 1953.7 | E51: 1964.1 | F51: 10.4 | G51: 122 | H51: S-10 | I51: 0 | J51: 0 | K51: 11.73 | L51: L/h | O51: Continua em operação | P51: EX-A0048
A52: 46245 | B52: CB-01 | C52: Marcos | D52: 1053.1 | E52: 1062.7 | F52: 9.6 | G52: 75 | H52: S-500 | I52: 2 | J52: 160 | K52: 2.13 | L52: km/L | M52: 160 | N52: 0.47 | O52: Continua em operação | P52: EX-A0049
A53: 46245 | B53: CB-11 | C53: Saulo | D53: 1182.4 | E53: 1190.2 | F53: 7.8 | G53: 136 | H53: S-10 | I53: 0 | J53: 276 | K53: 2.03 | L53: km/L | M53: 288 | N53: 0.47 | O53: Continua em operação | P53: EX-A0050
A54: 46245 | B54: CB-17 | C54: José | D54: 1313.1 | E54: 1322.9 | F54: 9.8 | G54: 148 | H54: S-10 | I54: 0 | J54: 320 | K54: 2.16 | L54: km/L | M54: 320 | N54: 0.46 | O54: Continua em operação | P54: EX-A0051
A55: 46245 | B55: CB-22 | C55: Carlos | D55: 1445.6 | E55: 1456.1 | F55: 10.5 | G55: 186 | H55: S-10 | I55: 6 | J55: 286 | K55: 1.54 | L55: km/L | M55: 224 | N55: 0.83 | O55: Continua em operação | P55: EX-A0052
A56: 46245 | B56: PC-01 | C56: Antônio | D56: 1575.4 | E56: 1583.6 | F56: 8.2 | G56: 156 | H56: S-10 | I56: 0 | J56: 0 | K56: 19.02 | L56: L/h | O56: Continua em operação | P56: EX-A0053
A57: 46245 | B57: PC-02 | C57: Marcos | D57: 1701.1 | E57: 1709.7 | F57: 8.6 | G57: 153 | H57: S-10 | I57: 0 | J57: 0 | K57: 17.79 | L57: L/h | O57: Continua em operação | P57: EX-A0054
A58: 46245 | B58: RD-01 | C58: Saulo | D58: 1833 | E58: 1840.6 | F58: 7.6 | G58: 88 | H58: S-10 | I58: 0 | J58: 0 | K58: 11.58 | L58: L/h | O58: Continua em operação | P58: EX-A0055
A59: 46246 | B59: CB-01 | C59: Saulo | D59: 1062.7 | E59: 1071 | F59: 8.3 | G59: 149 | H59: S-500 | I59: 4 | J59: 320 | K59: 2.15 | L59: km/L | M59: 300 | N59: 0.5 | O59: Continua em operação | P59: EX-A0056
A60: 46246 | B60: CB-11 | C60: José | D60: 1190.2 | E60: 1198.7 | F60: 8.5 | G60: 130 | H60: S-10 | I60: 0 | J60: 266 | K60: 2.05 | L60: km/L | M60: 280 | N60: 0.46 | O60: Continua em operação | P60: EX-A0057
A61: 46246 | B61: CB-17 | C61: Carlos | D61: 1322.9 | E61: 1331 | F61: 8.1 | G61: 117 | H61: S-10 | I61: 0 | J61: 256 | K61: 2.19 | L61: km/L | M61: 240 | N61: 0.49 | O61: Continua em operação | P61: EX-A0058
A62: 46246 | B62: CB-22 | C62: Antônio | D62: 1456.1 | E62: 1466.1 | F62: 10 | G62: 301 | H62: S-10 | I62: 9 | J62: 458 | K62: 1.52 | L62: km/L | M62: 384 | N62: 0.78 | O62: Continua em operação | P62: EX-A0059
A63: 46246 | B63: PC-01 | C63: Marcos | D63: 1583.6 | E63: 1593.6 | F63: 10 | G63: 180 | H63: S-10 | I63: 0 | J63: 0 | K63: 18 | L63: L/h | O63: Continua em operação | P63: EX-A0060
A64: 46246 | B64: PC-02 | C64: Saulo | D64: 1709.7 | E64: 1718.4 | F64: 8.7 | G64: 170 | H64: S-10 | I64: 0 | J64: 0 | K64: 19.54 | L64: L/h | O64: Continua em operação | P64: EX-A0061
A65: 46246 | B65: RD-01 | C65: José | D65: 1840.6 | E65: 1848.7 | F65: 8.1 | G65: 102 | H65: S-10 | I65: 0 | J65: 0 | K65: 12.59 | L65: L/h | O65: Continua em operação | P65: EX-A0062
A66: 46246 | B66: MG-01 | C66: Carlos | D66: 1964.1 | E66: 1972.9 | F66: 8.8 | G66: 108 | H66: S-10 | I66: 0 | J66: 0 | K66: 12.27 | L66: L/h | O66: Continua em operação | P66: EX-A0063
A67: 46247 | B67: CB-01 | C67: José | D67: 1071 | E67: 1078.8 | F67: 7.8 | G67: 157 | H67: S-500 | I67: 5 | J67: 344 | K67: 2.19 | L67: km/L | M67: 330 | N67: 0.48 | O67: Continua em operação | P67: EX-A0064
A68: 46247 | B68: CB-11 | C68: Carlos | D68: 1198.7 | E68: 1208.4 | F68: 9.7 | G68: 89 | H68: S-10 | I68: 0 | J68: 189 | K68: 2.12 | L68: km/L | M68: 196 | N68: 0.45 | O68: Continua em operação | P68: EX-A0065
A69: 46247 | B69: CB-17 | C69: Antônio | D69: 1331 | E69: 1339.9 | F69: 8.9 | G69: 112 | H69: S-10 | I69: 0 | J69: 246 | K69: 2.2 | L69: km/L | M69: 224 | N69: 0.5 | O69: Continua em operação | P69: EX-A0066
A70: 46247 | B70: CB-22 | C70: Marcos | D70: 1466.1 | E70: 1475.6 | F70: 9.5 | G70: 225 | H70: S-10 | I70: 7 | J70: 325 | K70: 1.44 | L70: km/L | M70: 280 | N70: 0.8 | O70: Continua em operação | P70: EX-A0067
A71: 46247 | B71: PC-01 | C71: Saulo | D71: 1593.6 | E71: 1601.1 | F71: 7.5 | G71: 152 | H71: S-10 | I71: 0 | J71: 0 | K71: 20.27 | L71: L/h | O71: Continua em operação | P71: EX-A0068
A72: 46247 | B72: PC-02 | C72: José | D72: 1718.4 | E72: 1727.8 | F72: 9.4 | G72: 179 | H72: S-10 | I72: 0 | J72: 0 | K72: 19.04 | L72: L/h | O72: Continua em operação | P72: EX-A0069
A73: 46247 | B73: RD-01 | C73: Carlos | D73: 1848.7 | E73: 1859 | F73: 10.3 | G73: 122 | H73: S-10 | I73: 0 | J73: 0 | K73: 11.84 | L73: L/h | O73: Continua em operação | P73: EX-A0070
A74: 46247 | B74: MG-01 | C74: Antônio | D74: 1972.9 | E74: 1983 | F74: 10.1 | G74: 127 | H74: S-10 | I74: 0 | J74: 0 | K74: 12.57 | L74: L/h | O74: Continua em operação | P74: EX-A0071
A75: 46248 | B75: CB-01 | C75: Carlos | D75: 1078.8 | E75: 1086.9 | F75: 8.1 | G75: 118 | H75: S-500 | I75: 4 | J75: 241 | K75: 2.04 | L75: km/L | M75: 252 | N75: 0.47 | O75: Continua em operação | P75: EX-A0072
A76: 46248 | B76: CB-11 | C76: Antônio | D76: 1208.4 | E76: 1217.7 | F76: 9.3 | G76: 137 | H76: S-10 | I76: 0 | J76: 277 | K76: 2.02 | L76: km/L | M76: 288 | N76: 0.48 | O76: Continua em operação | P76: EX-A0073
A77: 46248 | B77: CB-17 | C77: Marcos | D77: 1339.9 | E77: 1350.1 | F77: 10.2 | G77: 147 | H77: S-10 | I77: 0 | J77: 318 | K77: 2.16 | L77: km/L | M77: 300 | N77: 0.49 | O77: Continua em operação | P77: EX-A0074
A78: 46248 | B78: CB-22 | C78: Saulo | D78: 1475.6 | E78: 1484.7 | F78: 9.1 | G78: 172 | H78: S-10 | I78: 5 | J78: 258 | K78: 1.5 | L78: km/L | M78: 224 | N78: 0.77 | O78: Continua em operação | P78: EX-A0075
A79: 46248 | B79: PC-01 | C79: José | D79: 1601.1 | E79: 1611.2 | F79: 10.1 | G79: 199 | H79: S-10 | I79: 0 | J79: 0 | K79: 19.7 | L79: L/h | O79: Continua em operação | P79: EX-A0076
A80: 46248 | B80: PC-02 | C80: Carlos | D80: 1727.8 | E80: 1737.1 | F80: 9.3 | G80: 184 | H80: S-10 | I80: 0 | J80: 0 | K80: 19.78 | L80: L/h | O80: Continua em operação | P80: EX-A0077
A81: 46248 | B81: RD-01 | C81: Antônio | D81: 1859 | E81: 1866.9 | F81: 7.9 | G81: 90 | H81: S-10 | I81: 0 | J81: 0 | K81: 11.39 | L81: L/h | O81: Continua em operação | P81: EX-A0078
A82: 46248 | B82: MG-01 | C82: Marcos | D82: 1983 | E82: 1992.4 | F82: 9.4 | G82: 107 | H82: S-10 | I82: 0 | J82: 0 | K82: 11.38 | L82: L/h | O82: Continua em operação | P82: EX-A0079
A83: 46249 | B83: CB-01 | C83: Antônio | D83: 1086.9 | E83: 1094.6 | F83: 7.7 | G83: 169 | H83: S-500 | I83: 5 | J83: 339 | K83: 2.01 | L83: km/L | M83: 336 | N83: 0.5 | O83: Continua em operação | P83: EX-A0080
A84: 46249 | B84: CB-11 | C84: Marcos | D84: 1217.7 | E84: 1225.8 | F84: 8.1 | G84: 67 | H84: S-10 | I84: 0 | J84: 142 | K84: 2.12 | L84: km/L | M84: 140 | N84: 0.48 | O84: Continua em operação | P84: EX-A0081
A85: 46249 | B85: CB-17 | C85: Saulo | D85: 1350.1 | E85: 1359.9 | F85: 9.8 | G85: 85 | H85: S-10 | I85: 0 | J85: 187 | K85: 2.2 | L85: km/L | M85: 180 | N85: 0.47 | O85: Continua em operação | P85: EX-A0082
A86: 46249 | B86: CB-22 | C86: José | D86: 1484.7 | E86: 1494 | F86: 9.3 | G86: 199 | H86: S-10 | I86: 6 | J86: 299 | K86: 1.5 | L86: km/L | M86: 256 | N86: 0.78 | O86: Continua em operação | P86: EX-A0083
A87: 46249 | B87: PC-01 | C87: Carlos | D87: 1611.2 | E87: 1621.1 | F87: 9.9 | G87: 188 | H87: S-10 | I87: 0 | J87: 0 | K87: 18.99 | L87: L/h | O87: Continua em operação | P87: EX-A0084
A88: 46249 | B88: PC-02 | C88: Antônio | D88: 1737.1 | E88: 1745.3 | F88: 8.2 | G88: 156 | H88: S-10 | I88: 0 | J88: 0 | K88: 19.02 | L88: L/h | O88: Continua em operação | P88: EX-A0085
A89: 46249 | B89: RD-01 | C89: Marcos | D89: 1866.9 | E89: 1877 | F89: 10.1 | G89: 128 | H89: S-10 | I89: 0 | J89: 0 | K89: 12.67 | L89: L/h | O89: Continua em operação | P89: EX-A0086
A90: 46249 | B90: MG-01 | C90: Saulo | D90: 1992.4 | E90: 2002.7 | F90: 10.3 | G90: 130 | H90: S-10 | I90: 0 | J90: 0 | K90: 12.62 | L90: L/h | O90: Continua em operação | P90: EX-A0087
A91: 46251 | B91: CB-01 | C91: Saulo | D91: 1094.6 | E91: 1102.7 | F91: 8.1 | G91: 160 | H91: S-500 | I91: 5 | J91: 332 | K91: 2.08 | L91: km/L | M91: 336 | N91: 0.48 | O91: Continua em operação | P91: EX-A0088
A92: 46251 | B92: CB-11 | C92: José | D92: 1225.8 | E92: 1234.2 | F92: 8.4 | G92: 109 | H92: S-10 | I92: 0 | J92: 233 | K92: 2.14 | L92: km/L | M92: 240 | N92: 0.45 | O92: Continua em operação | P92: EX-A0089
A93: 46251 | B93: CB-17 | C93: Carlos | D93: 1359.9 | E93: 1369.8 | F93: 9.9 | G93: 109 | H93: S-10 | I93: 0 | J93: 226 | K93: 2.07 | L93: km/L | M93: 224 | N93: 0.49 | O93: Continua em operação | P93: EX-A0090
A94: 46251 | B94: CB-22 | C94: Antônio | D94: 1494 | E94: 1502.3 | F94: 8.3 | G94: 162 | H94: S-10 | I94: 5 | J94: 254 | K94: 1.57 | L94: km/L | M94: 210 | N94: 0.77 | O94: Continua em operação | P94: EX-A0091
A95: 46251 | B95: PC-01 | C95: Marcos | D95: 1621.1 | E95: 1629.8 | F95: 8.7 | G95: 165 | H95: S-10 | I95: 0 | J95: 0 | K95: 18.97 | L95: L/h | O95: Continua em operação | P95: EX-A0092
A96: 46251 | B96: PC-02 | C96: Saulo | D96: 1745.3 | E96: 1755.8 | F96: 10.5 | G96: 209 | H96: S-10 | I96: 0 | J96: 0 | K96: 19.9 | L96: L/h | O96: Continua em operação | P96: EX-A0093
A97: 46251 | B97: RD-01 | C97: José | D97: 1877 | E97: 1885 | F97: 8 | G97: 95 | H97: S-10 | I97: 0 | J97: 0 | K97: 11.88 | L97: L/h | O97: Continua em operação | P97: EX-A0094
A98: 46251 | B98: MG-01 | C98: Carlos | D98: 2002.7 | E98: 2011.7 | F98: 9 | G98: 106 | H98: S-10 | I98: 0 | J98: 0 | K98: 11.78 | L98: L/h | O98: Continua em operação | P98: EX-A0095
A99: 46252 | B99: CB-01 | C99: José | D99: 1102.7 | E99: 1110.8 | F99: 8.1 | G99: 138 | H99: S-500 | I99: 4 | J99: 276 | K99: 2 | L99: km/L | M99: 280 | N99: 0.49 | O99: Continua em operação | P99: EX-A0096
A100: 46252 | B100: CB-11 | C100: Carlos | D100: 1234.2 | E100: 1243.4 | F100: 9.2 | G100: 174 | H100: S-10 | I100: 0 | J100: 359 | K100: 2.06 | L100: km/L | M100: 384 | N100: 0.45 | O100: Continua em operação | P100: EX-A0097
...

Sheet Viagens
A1: Viagens
A2: Preenchido automaticamente pelo app GP2T — não edite à mão.
A3: Data | B3: Equipamento | C3: Operador | D3: Origem | E3: Destino | F3: Viagens | G3: Material | H3: Peso/viagem (t) | I3: Peso total (t) | J3: _id
A4: 46238 | B4: CB-01 | C4: Carlos | D4: 01 | E4: 02 | F4: 7 | G4: Rejeito | H4: 30 | I4: 210 | J4: EX-V0001
A5: 46238 | B5: CB-11 | C5: Antônio | D5: 01 | E5: 02 | F5: 10 | G5: Minério | H5: 32 | I5: 320 | J5: EX-V0002
A6: 46238 | B6: CB-17 | C6: Marcos | D6: 01 | E6: 02 | F6: 11 | G6: Estéril | H6: 30 | I6: 330 | J6: EX-V0003
A7: 46238 | B7: CB-22 | C7: Saulo | D7: 01 | E7: 02 | F7: 6 | G7: Rejeito | H7: 28 | I7: 168 | J7: EX-V0004
A8: 46239 | B8: CB-01 | C8: Antônio | D8: 01 | E8: 02 | F8: 7 | G8: Minério | H8: 28 | I8: 196 | J8: EX-V0009
A9: 46239 | B9: CB-11 | C9: Marcos | D9: 01 | E9: 02 | F9: 6 | G9: Estéril | H9: 32 | I9: 192 | J9: EX-V0010
A10: 46239 | B10: CB-17 | C10: Saulo | D10: 01 | E10: 02 | F10: 11 | G10: Rejeito | H10: 30 | I10: 330 | J10: EX-V0011
A11: 46239 | B11: CB-22 | C11: José | D11: 01 | E11: 02 | F11: 8 | G11: Minério | H11: 28 | I11: 224 | J11: EX-V0012
A12: 46240 | B12: CB-01 | C12: Marcos | D12: 01 | E12: 02 | F12: 7 | G12: Estéril | H12: 30 | I12: 210 | J12: EX-V0017
A13: 46240 | B13: CB-11 | C13: Saulo | D13: 01 | E13: 02 | F13: 10 | G13: Rejeito | H13: 30 | I13: 300 | J13: EX-V0018
A14: 46240 | B14: CB-17 | C14: José | D14: 01 | E14: 02 | F14: 12 | G14: Minério | H14: 28 | I14: 336 | J14: EX-V0019
A15: 46240 | B15: CB-22 | C15: Carlos | D15: 01 | E15: 02 | F15: 6 | G15: Estéril | H15: 28 | I15: 168 | J15: EX-V0020
... A106: 46267 | B106: CB-22 | C106: Marcos | D106: 01 | E106: 02 | F106: 5 | G106: Estéril | H106: 32 | I106: 160 | J106: EX-V0200

Sheet Manutenções
A1: Manutenções
A2: Preenchido automaticamente pelo app GP2T — não edite à mão.
A3: Data | B3: Equipamento | C3: Operador/Responsável | D3: Horímetro | E3: KM | F3: Tipo | G3: Serviço Realizado | H3: Peças/Trocas | I3: Observação | J3: Próxima Manutenção | K3: _id
A4: 46245 | B4: MG-01 | C4: Pedro | F4: Preventiva | G4: Troca de óleo e filtros | H4: Filtro de óleo, filtro de ar | I4: Revisão de rotina | K4: EX-M001
A5: 46255 | B5: PC-02 | C5: Pedro | F5: Preventiva | G5: Troca de óleo e filtros | H5: Filtro de óleo, filtro de ar | I5: Revisão de rotina | K5: EX-M002
A6: 46260 | B6: PC-01 | C6: Pedro | F6: Preventiva | G6: Troca de óleo e filtros | H6: Filtro de óleo, filtro de ar | I6: Revisão de rotina | K6: EX-M003
A7: 46265 | B7: CB-22 | C7: Pedro | F7: Preventiva | G7: Troca de óleo e filtros | H7: Filtro de óleo, filtro de ar | I7: Revisão de rotina | K7: EX-M004

Sheet Equipamentos
A1: Equipamentos
A2: Preenchido automaticamente pelo app GP2T — não edite à mão.
A3: Código | B3: Tipo | C3: Modelo | D3: Status | E3: Horímetro Atual | F3: KM Atual | G3: _id
A4: CB-01 | B4: Rodante (km/L) | D4: Operando | E4: 1226.9 | F4: 14741 | G4: CB-01
A5: CB-11 | B5: Rodante (km/L) | D5: Operando | E5: 1363.2 | F5: 15294 | G5: CB-11
A6: CB-17 | B6: Rodante (km/L) | D6: Operando | E6: 1493 | F6: 16312 | G6: CB-17
A7: CB-22 | B7: Rodante (km/L) | D7: Operando | E7: 1617.1 | F7: 18054 | G7: CB-22
A8: PC-01 | B8: Horímetro (L/h) | D8: Operando | E8: 1748.9 | F8: 11600 | G8: PC-01
A9: PC-02 | B9: Horímetro (L/h) | D9: Manutenção | E9: 1870.5 | F9: 12500 | G9: PC-02
A10: RD-01 | B10: Horímetro (L/h) | D10: Operando | E10: 2010.7 | F10: 13400 | G10: RD-01
A11: MG-01 | B11: Horímetro (L/h) | D11: Operando | E11: 2143.4 | F11: 14300 | G11: MG-01

Sheet Operadores
A1: Operadores
A2: Preenchido automaticamente pelo app GP2T — não edite à mão.
A3: Nome | B3: Função | C3: Status | D3: _id
A4: Saulo | B4: Operador | C4: Ativo | D4: Saulo
A5: José | B5: Operador | C5: Ativo | D5: José
A6: Carlos | B6: Operador | C6: Ativo | D6: Carlos
A7: Antônio | B7: Operador | C7: Ativo | D7: Antônio
A8: Marcos | B8: Operador | C8: Ativo | D8: Marcos
